test.id,test.description,http.method,Environment,Country,SubsidiaryID,FE_UserName,FE_UserID,FE_Password,FI_UserName,FI_UserID,FinanceSpecialistPlacementQueue,FI_Password,GFS_LegalEntityAccount,Admin_UserID,Admin_Password,1_FI_AccountCreation.json,2_FI_SubmitLEToNetsuite.json,3_FE_ClientCreation.json,4_FE_JobCreation.json,5_FE_CreateCandidateCompany.json,6_FE_CreateCandidate.json,7_FE_CreateCandidateComplianceReference.json,8_FE_CreateCandidateCompliancePGCV.json,9_FE_CreateCandidateComplianceInsurance.json,10_FE_CreateTempPlacement.json,11_FE_AddStandardRateToPlacement.json,12_FE_SubmitTPForApproval_PlacementInPendingReview.json,13_FI_UpdatePlacementFields.json,14_FI_UpdatePlacementStageToCompleted.json,15_FI_ApproveTP.json,16_FI_MovePlacementToContractIssued.json
1,SalesForceAPI,POST,UAT,AE,a444J0000004nTpQAI,ae.fe.auto.qatest@michaelpage.com.uat,0053L000001IF1yQAG,Dubai@@2021@@,ae.fin.auto.qatest@michaelpage.com.uat,0053L000001IF2XQAW,"[""00G3L000000QuKm""]",Dubai@@2021@@,0013L00000CwCGrQAN,qagensysadmin@michaelpage.com.uat,SFadmin2021@@@,TRUE,TRUE,TRUE,TRUE,TRUE,TRUE,TRUE,TRUE,TRUE,TRUE,TRUE,TRUE,TRUE,TRUE,TRUE,TRUE
2,SalesForceAPI,POST,UAT,AU,a444J0000004nV5QAI,au.fe.auto.qatest@michaelpage.com.uat,0053L000001HsyTQAS,Sydney2021@@,au.fin.auto.qatest@michaelpage.com.uat,0053L000001Ht2aQAC,"[""00G3L000000QuKm""]",Sydney2021@@,0013L00000CrsWqQAJ,qagensysadmin@michaelpage.com.uat,SFadmin2021@@@,TRUE,TRUE,TRUE,TRUE,TRUE,TRUE,TRUE,TRUE,TRUE,TRUE,TRUE,TRUE,TRUE,TRUE,TRUE,TRUE
3,SalesForceAPI,POST,UAT,NL,a444J0000004nkPQAQ,nl.fe.auto.qatest@michaelpage.com.uat,0053L000001HsqeQAC,Amsterdam2021@@,nl.fin.auto.qatest@michaelpage.com.uat,0053L000001HsqyQAC,"[""00G3L000000QuKm""]",Amsterdam2021@@,0013L00000CZZOBQA5,qagensysadmin@michaelpage.com.uat,SFadmin2021@@@,TRUE,TRUE,TRUE,TRUE,TRUE,TRUE,TRUE,TRUE,TRUE,TRUE,TRUE,TRUE,TRUE,TRUE,TRUE,TRUE
4,SalesForceAPI,POST,UAT,GB,a444J0000004nTZQAY,uk.fe.auto.qatest@michaelpage.com.uat,0054J000002AyoWQAS,London2021@@,uk.fin.auto.qatest@michaelpage.com.uat,0053L000001HsqFQAS,"[""00G3L000000QuKm""]",London2021@@,0013L00000CalvYQAR,qagensysadmin@michaelpage.com.uat,SFadmin2021@@@,TRUE,TRUE,TRUE,TRUE,TRUE,TRUE,TRUE,TRUE,TRUE,TRUE,TRUE,TRUE,TRUE,TRUE,TRUE,TRUE
