Date,TestCaseName,ClientID,Result
09/04/2020 07:56:56,O2C_Tscenario_1_Create_Standard_Non_Temp_Client,C10217140,Passed
09/04/2020 08:08:16,O2C_Tscenario_29_Raise_and_Approve_Manual_Invoice,clientId is C10217141 teamSelected BT : BT00609 invoiceId is INNO00002720,Passed
09/04/2020 08:36:38,O2C_Tscenario_32_Raise_and_Approve_Manual_Credit_Note,clientId is C10217142 teamSelected BT : BT00609 salesReversalId SRNO00000199 creditNoteNum isCNNO00000198,Passed
09/04/2020 08:41:47,O2C_Tscenario_33_Raise_and_Reject_Manual_Credit_Note,clientId is C10217143 salesReversalId SRNO00000200,Passed
09/04/2020 08:51:38,O2C_Tscenario_138_Refund_Customer_for_a_Credit_Note,clientId is C10217144 salesReversalId SRNO00000201teamSelected is BT : BT00609creditNoteNum CNNO00000199,Passed
14/04/2020 12:43:21,O2C_Tscenario_1_Create_Standard_Non_Temp_Client,C10217171,Passed
14/04/2020 12:49:22,O2C_Tscenario_29_Raise_and_Approve_Manual_Invoice,clientId is C10217172 teamSelected BT : BT00609 invoiceId is INNO00002724,Passed
14/04/2020 01:05:55,O2C_Tscenario_32_Raise_and_Approve_Manual_Credit_Note,clientId is C10217173 teamSelected BT : BT00609 salesReversalId SRNO00000202 creditNoteNum isCNNO00000200,Passed
14/04/2020 01:10:55,O2C_Tscenario_33_Raise_and_Reject_Manual_Credit_Note,clientId is C10217174 salesReversalId SRNO00000203,Passed
14/04/2020 01:20:14,O2C_Tscenario_138_Refund_Customer_for_a_Credit_Note,clientId is C10217175 salesReversalId SRNO00000204teamSelected is BT : BT00609creditNoteNum CNNO00000201,Passed
05/05/2020 09:52:59,O2C_Tscenario_29_Raise_and_Approve_Manual_Invoice,clientId is C10218259 teamSelected BT : BT00609 invoiceId is INNO00002811,Passed
05/05/2020 10:02:19,O2C_Tscenario_33_Raise_and_Reject_Manual_Credit_Note,clientId is C10218260 salesReversalId SRNO00000201,Passed
05/05/2020 10:12:29,O2C_Tscenario_138_Refund_Customer_for_a_Credit_Note,clientId is C10218261 salesReversalId SRNO00000202teamSelected is BT : BT00609creditNoteNum CNNO00000205,Passed
09/05/2020 06:28:07,O2C_Tscenario_1_Create_Standard_Non_Temp_Client,C10218295,Passed
09/05/2020 06:34:24,O2C_Tscenario_29_Raise_and_Approve_Manual_Invoice,clientId is C10218296 teamSelected BT : BT00609 invoiceId is INNO00002812,Passed
09/05/2020 06:56:27,O2C_Tscenario_32_Raise_and_Approve_Manual_Credit_Note,clientId is C10218297 teamSelected BT : BT00609 salesReversalId SRNO00000204 creditNoteNum isCNNO00000207,Passed
09/05/2020 07:01:08,O2C_Tscenario_33_Raise_and_Reject_Manual_Credit_Note,clientId is C10218298 salesReversalId SRNO00000205,Passed
09/05/2020 07:10:46,O2C_Tscenario_138_Refund_Customer_for_a_Credit_Note,clientId is C10218299 salesReversalId SRNO00000206teamSelected is BT : BT00609creditNoteNum CNNO00000208,Passed
11/05/2020 11:59:28,O2C_Tscenario_1_Create_Standard_Non_Temp_Client,C10218326,Passed
11/05/2020 12:05:34,O2C_Tscenario_29_Raise_and_Approve_Manual_Invoice,clientId is C10218327 teamSelected BT : BT00609 invoiceId is INNO00002816,Passed
11/05/2020 12:22:30,O2C_Tscenario_32_Raise_and_Approve_Manual_Credit_Note,clientId is C10218328 teamSelected BT : BT00609 salesReversalId SRNO00000207 creditNoteNum isCNNO00000209,Passed
11/05/2020 12:27:27,O2C_Tscenario_33_Raise_and_Reject_Manual_Credit_Note,clientId is C10218329 salesReversalId SRNO00000208,Passed
11/05/2020 12:37:08,O2C_Tscenario_138_Refund_Customer_for_a_Credit_Note,clientId is C10218330 salesReversalId SRNO00000209teamSelected is BT : BT00609creditNoteNum CNNO00000210,Passed
03/06/2020 10:55:47,O2C_Tscenario_1_Create_Standard_Non_Temp_Client,C10219404,Passed
03/06/2020 11:05:05,O2C_Tscenario_29_Raise_and_Approve_Manual_Invoice,clientId is C10219405 teamSelected BT : BT00617 invoiceId is INNO00002960,Passed
03/06/2020 11:26:36,O2C_Tscenario_32_Raise_and_Approve_Manual_Credit_Note,clientId is C10219406 teamSelected BT : BT00617 salesReversalId SRNO00000230 creditNoteNum isCNNO00000231,Passed
03/06/2020 11:29:07,O2C_Tscenario_33_Raise_and_Reject_Manual_Credit_Note,null,Failed
03/06/2020 11:38:17,O2C_Tscenario_138_Refund_Customer_for_a_Credit_Note,clientId is C10219408 salesReversalId SRNO00000231teamSelected is BT : BT00617creditNoteNum CNNO00000232,Passed
06/06/2020 10:07:30,O2C_Tscenario_1_Create_Standard_Non_Temp_Client,C10219429,Passed
06/06/2020 10:13:14,O2C_Tscenario_29_Raise_and_Approve_Manual_Invoice,clientId is C10219430 teamSelected BT : BT00617 invoiceId is INNO00002961,Passed
06/06/2020 10:29:41,O2C_Tscenario_32_Raise_and_Approve_Manual_Credit_Note,clientId is C10219431 teamSelected BT : BT00617 salesReversalId SRNO00000232 creditNoteNum isCNNO00000233,Passed
06/06/2020 10:34:20,O2C_Tscenario_33_Raise_and_Reject_Manual_Credit_Note,clientId is C10219432 salesReversalId SRNO00000233,Passed
06/06/2020 10:43:17,O2C_Tscenario_138_Refund_Customer_for_a_Credit_Note,clientId is C10219433 salesReversalId SRNO00000234teamSelected is BT : BT00617creditNoteNum CNNO00000234,Passed
11/06/2020 10:04:41,O2C_Tscenario_1_Create_Standard_Non_Temp_Client,C10219454,Passed
11/06/2020 10:07:36,O2C_Tscenario_29_Raise_and_Approve_Manual_Invoice,null,Failed
11/06/2020 10:23:41,O2C_Tscenario_32_Raise_and_Approve_Manual_Credit_Note,clientId is C10219456 teamSelected BT : BT00617 salesReversalId SRNO00000235 creditNoteNum isCNNO00000235,Passed
11/06/2020 10:28:17,O2C_Tscenario_33_Raise_and_Reject_Manual_Credit_Note,clientId is C10219457 salesReversalId SRNO00000236,Passed
11/06/2020 10:37:16,O2C_Tscenario_138_Refund_Customer_for_a_Credit_Note,clientId is C10219458 salesReversalId SRNO00000237teamSelected is BT : BT00617creditNoteNum CNNO00000236,Passed
