Date,TestCaseName,ClientID,Result
09/04/2020 09:51:04,O2C_Tscenario_1_Create_Standard_Non_Temp_Client,C10217150,Passed
09/04/2020 09:55:06,O2C_Tscenario_29_Raise_and_Approve_Manual_Invoice,null,Failed
09/04/2020 10:10:26,O2C_Tscenario_32_Raise_and_Approve_Manual_Credit_Note,clientId is C10217152 teamSelected BT : BT00460 salesReversalId SRFI00000019 creditNoteNum isCNFI00000388,Passed
09/04/2020 10:16:43,O2C_Tscenario_33_Raise_and_Reject_Manual_Credit_Note,clientId is C10217153 salesReversalId SRFI00000020,Passed
09/04/2020 10:26:05,O2C_Tscenario_138_Refund_Customer_for_a_Credit_Note,clientId is C10217154 salesReversalId SRFI00000021teamSelected is BT : BT00460creditNoteNum CNFI00000389,Passed
14/04/2020 01:58:42,O2C_Tscenario_1_Create_Standard_Non_Temp_Client,C10217181,Passed
14/04/2020 02:08:41,O2C_Tscenario_29_Raise_and_Approve_Manual_Invoice,clientId is C10217182 teamSelected BT : BT00460 invoiceId is FI FA FA6-0007,Passed
14/04/2020 02:17:08,O2C_Tscenario_32_Raise_and_Approve_Manual_Credit_Note,clientId is C10217183 teamSelected BT : BT00460 salesReversalId SRFI00000022 creditNoteNum isCNFI00000390,Passed
14/04/2020 02:22:43,O2C_Tscenario_33_Raise_and_Reject_Manual_Credit_Note,clientId is C10217184 salesReversalId SRFI00000023,Passed
14/04/2020 02:31:52,O2C_Tscenario_138_Refund_Customer_for_a_Credit_Note,clientId is C10217185 salesReversalId SRFI00000024teamSelected is BT : BT00460creditNoteNum CNFI00000391,Passed
05/05/2020 11:01:30,O2C_Tscenario_1_Create_Standard_Non_Temp_Client,C10218266,Passed
05/05/2020 11:10:25,O2C_Tscenario_29_Raise_and_Approve_Manual_Invoice,null,Failed
05/05/2020 11:26:32,O2C_Tscenario_32_Raise_and_Approve_Manual_Credit_Note,clientId is C10218268 teamSelected BT : BT00460 salesReversalId SRFI00000021 creditNoteNum isCNFI00000391,Passed
05/05/2020 11:32:03,O2C_Tscenario_33_Raise_and_Reject_Manual_Credit_Note,clientId is C10218269 salesReversalId SRFI00000022,Passed
05/05/2020 11:41:07,O2C_Tscenario_138_Refund_Customer_for_a_Credit_Note,clientId is C10218270 salesReversalId SRFI00000023teamSelected is BT : BT00460creditNoteNum CNFI00000392,Passed
09/05/2020 07:55:46,O2C_Tscenario_1_Create_Standard_Non_Temp_Client,C10218304,Passed
09/05/2020 08:02:57,O2C_Tscenario_29_Raise_and_Approve_Manual_Invoice,null,Failed
09/05/2020 08:17:38,O2C_Tscenario_32_Raise_and_Approve_Manual_Credit_Note,clientId is C10218306 teamSelected BT : BT00460 salesReversalId SRFI00000024 creditNoteNum isCNFI00000393,Passed
09/05/2020 08:20:24,O2C_Tscenario_33_Raise_and_Reject_Manual_Credit_Note,null,Failed
09/05/2020 08:29:06,O2C_Tscenario_138_Refund_Customer_for_a_Credit_Note,clientId is C10218308 salesReversalId SRFI00000025teamSelected is BT : BT00460creditNoteNum CNFI00000394,Passed
11/05/2020 01:09:26,O2C_Tscenario_1_Create_Standard_Non_Temp_Client,C10218336,Passed
11/05/2020 01:16:40,O2C_Tscenario_29_Raise_and_Approve_Manual_Invoice,null,Failed
11/05/2020 01:24:42,O2C_Tscenario_32_Raise_and_Approve_Manual_Credit_Note,clientId is C10218338 teamSelected BT : BT00460 salesReversalId SRFI00000026 creditNoteNum isCNFI00000395,Passed
11/05/2020 01:30:17,O2C_Tscenario_33_Raise_and_Reject_Manual_Credit_Note,clientId is C10218339 salesReversalId SRFI00000027,Passed
11/05/2020 01:39:03,O2C_Tscenario_138_Refund_Customer_for_a_Credit_Note,clientId is C10218340 salesReversalId SRFI00000028teamSelected is BT : BT00460creditNoteNum CNFI00000396,Passed
03/06/2020 12:08:11,O2C_Tscenario_1_Create_Standard_Non_Temp_Client,C10219414,Passed
03/06/2020 12:21:14,O2C_Tscenario_32_Raise_and_Approve_Manual_Credit_Note,null,Failed
03/06/2020 12:30:39,O2C_Tscenario_33_Raise_and_Reject_Manual_Credit_Note,clientId is C10219417 salesReversalId SRFI00000024,Passed
03/06/2020 12:39:32,O2C_Tscenario_138_Refund_Customer_for_a_Credit_Note,clientId is C10219418 salesReversalId SRFI00000025teamSelected is BT : BT00460creditNoteNum CNFI00000393,Passed
06/06/2020 11:12:43,O2C_Tscenario_1_Create_Standard_Non_Temp_Client,C10219439,Passed
06/06/2020 11:25:06,O2C_Tscenario_32_Raise_and_Approve_Manual_Credit_Note,null,Failed
06/06/2020 11:31:10,O2C_Tscenario_33_Raise_and_Reject_Manual_Credit_Note,clientId is C10219442 salesReversalId SRFI00000026,Passed
06/06/2020 11:39:59,O2C_Tscenario_138_Refund_Customer_for_a_Credit_Note,clientId is C10219443 salesReversalId SRFI00000027teamSelected is BT : BT00460creditNoteNum CNFI00000394,Passed
11/06/2020 11:14:05,O2C_Tscenario_1_Create_Standard_Non_Temp_Client,C10219464,Passed
11/06/2020 11:35:32,O2C_Tscenario_32_Raise_and_Approve_Manual_Credit_Note,clientId is C10219466 teamSelected BT : BT00460 salesReversalId SRFI00000028 creditNoteNum isCNFI00000395,Passed
11/06/2020 11:44:24,O2C_Tscenario_33_Raise_and_Reject_Manual_Credit_Note,clientId is C10219467 salesReversalId SRFI00000029,Passed
11/06/2020 11:56:25,O2C_Tscenario_138_Refund_Customer_for_a_Credit_Note,clientId is C10219468 salesReversalId SRFI00000030teamSelected is BT : BT00460creditNoteNum CNFI00000396,Passed
