Date,TestCaseName,ClientID,Result
09/04/2020 08:55:07,O2C_Tscenario_1_Create_Standard_Non_Temp_Client,C10217145,Passed
09/04/2020 09:00:12,O2C_Tscenario_29_Raise_and_Approve_Manual_Invoice,null,Failed
09/04/2020 09:22:41,O2C_Tscenario_32_Raise_and_Approve_Manual_Credit_Note,clientId is C10217147 teamSelected BT : BT00481 salesReversalId SREB00000021 creditNoteNum isCNEB00000096,Passed
09/04/2020 09:31:41,O2C_Tscenario_33_Raise_and_Reject_Manual_Credit_Note,clientId is C10217148 salesReversalId SREB00000022,Passed
09/04/2020 09:46:49,O2C_Tscenario_138_Refund_Customer_for_a_Credit_Note,clientId is C10217149 salesReversalId SREB00000023teamSelected is BT : BT00481creditNoteNum CNEB00000097,Passed
14/04/2020 01:23:43,O2C_Tscenario_1_Create_Standard_Non_Temp_Client,C10217176,Passed
14/04/2020 01:26:34,O2C_Tscenario_29_Raise_and_Approve_Manual_Invoice,null,Failed
14/04/2020 01:37:57,O2C_Tscenario_32_Raise_and_Approve_Manual_Credit_Note,clientId is C10217178 teamSelected BT : BT00481 salesReversalId SREB00000024 creditNoteNum isCNEB00000098,Passed
14/04/2020 01:44:22,O2C_Tscenario_33_Raise_and_Reject_Manual_Credit_Note,clientId is C10217179 salesReversalId SREB00000025,Passed
14/04/2020 01:54:39,O2C_Tscenario_138_Refund_Customer_for_a_Credit_Note,clientId is C10217180 salesReversalId SREB00000026teamSelected is BT : BT00481creditNoteNum CNEB00000099,Passed
05/05/2020 10:16:47,O2C_Tscenario_1_Create_Standard_Non_Temp_Client,null,Failed
05/05/2020 10:19:55,O2C_Tscenario_29_Raise_and_Approve_Manual_Invoice,null,Failed
05/05/2020 10:41:04,O2C_Tscenario_32_Raise_and_Approve_Manual_Credit_Note,clientId is C10218263 teamSelected BT : BT00481 salesReversalId SREB00000023 creditNoteNum isCNEB00000111,Passed
05/05/2020 10:47:28,O2C_Tscenario_33_Raise_and_Reject_Manual_Credit_Note,clientId is C10218264 salesReversalId SREB00000024,Passed
05/05/2020 10:57:31,O2C_Tscenario_138_Refund_Customer_for_a_Credit_Note,clientId is C10218265 salesReversalId SREB00000025teamSelected is BT : BT00481creditNoteNum CNEB00000112,Passed
09/05/2020 07:14:52,O2C_Tscenario_1_Create_Standard_Non_Temp_Client,null,Failed
09/05/2020 07:17:30,O2C_Tscenario_29_Raise_and_Approve_Manual_Invoice,null,Failed
09/05/2020 07:35:32,O2C_Tscenario_32_Raise_and_Approve_Manual_Credit_Note,clientId is C10218301 teamSelected BT : BT00481 salesReversalId SREB00000026 creditNoteNum isCNEB00000113,Passed
09/05/2020 07:41:32,O2C_Tscenario_33_Raise_and_Reject_Manual_Credit_Note,clientId is C10218302 salesReversalId SREB00000027,Passed
09/05/2020 07:51:48,O2C_Tscenario_138_Refund_Customer_for_a_Credit_Note,clientId is C10218303 salesReversalId SREB00000028teamSelected is BT : BT00481creditNoteNum CNEB00000114,Passed
11/05/2020 12:40:38,O2C_Tscenario_1_Create_Standard_Non_Temp_Client,C10218331,Passed
11/05/2020 12:43:36,O2C_Tscenario_29_Raise_and_Approve_Manual_Invoice,null,Failed
11/05/2020 12:46:24,O2C_Tscenario_32_Raise_and_Approve_Manual_Credit_Note,null,Failed
11/05/2020 12:53:21,O2C_Tscenario_33_Raise_and_Reject_Manual_Credit_Note,clientId is C10218334 salesReversalId SREB00000029,Passed
11/05/2020 01:05:27,O2C_Tscenario_138_Refund_Customer_for_a_Credit_Note,clientId is C10218335 salesReversalId SREB00000030teamSelected is BT : BT00481creditNoteNum CNEB00000115,Passed
03/06/2020 11:41:46,O2C_Tscenario_1_Create_Standard_Non_Temp_Client,C10219409,Passed
03/06/2020 11:47:19,O2C_Tscenario_29_Raise_and_Approve_Manual_Invoice,null,Failed
03/06/2020 11:53:01,O2C_Tscenario_32_Raise_and_Approve_Manual_Credit_Note,null,Failed
03/06/2020 11:58:38,O2C_Tscenario_33_Raise_and_Reject_Manual_Credit_Note,null,Failed
03/06/2020 12:04:11,O2C_Tscenario_138_Refund_Customer_for_a_Credit_Note,null,Failed
06/06/2020 10:46:51,O2C_Tscenario_1_Create_Standard_Non_Temp_Client,C10219434,Passed
06/06/2020 10:51:56,O2C_Tscenario_29_Raise_and_Approve_Manual_Invoice,null,Failed
06/06/2020 10:57:36,O2C_Tscenario_32_Raise_and_Approve_Manual_Credit_Note,null,Failed
06/06/2020 11:03:06,O2C_Tscenario_33_Raise_and_Reject_Manual_Credit_Note,null,Failed
06/06/2020 11:08:44,O2C_Tscenario_138_Refund_Customer_for_a_Credit_Note,null,Failed
11/06/2020 10:40:41,O2C_Tscenario_1_Create_Standard_Non_Temp_Client,C10219459,Passed
11/06/2020 10:46:10,O2C_Tscenario_29_Raise_and_Approve_Manual_Invoice,null,Failed
11/06/2020 10:54:17,O2C_Tscenario_32_Raise_and_Approve_Manual_Credit_Note,null,Failed
11/06/2020 11:02:15,O2C_Tscenario_33_Raise_and_Reject_Manual_Credit_Note,null,Failed
11/06/2020 11:10:14,O2C_Tscenario_138_Refund_Customer_for_a_Credit_Note,null,Failed
