Date,TestCaseName,ClientID,Result
03/06/2020 10:22,O2C_Tscenario_1_Create_Standard_Non_Temp_Client,C10219399,Passed
03/06/2020 10:34,O2C_Tscenario_29_Raise_and_Approve_Manual_Invoice,clientId is C10219400 teamSelected BT : BT00305 invoiceId is INJD00006148,Passed
03/06/2020 10:37,O2C_Tscenario_32_Raise_and_Approve_Manual_Credit_Note,null,Failed
03/06/2020 10:43,O2C_Tscenario_33_Raise_and_Reject_Manual_Credit_Note,clientId is C10219402 salesReversalId SRJD00000466,Passed
03/06/2020 10:53,O2C_Tscenario_138_Refund_Customer_for_a_Credit_Note,clientId is C10219403 salesReversalId SRJD00000467teamSelected is BT : BT00305creditNoteNum CNJD00001918,Passed
06/06/2020 09:35:29,O2C_Tscenario_1_Create_Standard_Non_Temp_Client,C10219424,Passed
06/06/2020 09:43:22,O2C_Tscenario_29_Raise_and_Approve_Manual_Invoice,clientId is C10219425 teamSelected BT : BT00305 invoiceId is INJD00006149,Passed
06/06/2020 09:52:24,O2C_Tscenario_32_Raise_and_Approve_Manual_Credit_Note,clientId is C10219426 teamSelected BT : BT00305 salesReversalId SRJD00000468 creditNoteNum isCNJD00001919,Passed
06/06/2020 09:56:57,O2C_Tscenario_33_Raise_and_Reject_Manual_Credit_Note,clientId is C10219427 salesReversalId SRJD00000469,Passed
06/06/2020 10:05:10,O2C_Tscenario_138_Refund_Customer_for_a_Credit_Note,clientId is C10219428 salesReversalId SRJD00000470teamSelected is BT : BT00305creditNoteNum CNJD00001920,Passed
11/06/2020 09:11:34,O2C_Tscenario_1_Create_Standard_Non_Temp_Client,C10219449,Passed
11/06/2020 09:19:39,O2C_Tscenario_29_Raise_and_Approve_Manual_Invoice,clientId is C10219450 teamSelected BT : BT00305 invoiceId is INJD00006155,Passed
11/06/2020 09:28:34,O2C_Tscenario_32_Raise_and_Approve_Manual_Credit_Note,clientId is C10219451 teamSelected BT : BT00305 salesReversalId SRJD00000471 creditNoteNum isCNJD00001921,Passed
11/06/2020 09:33:21,O2C_Tscenario_33_Raise_and_Reject_Manual_Credit_Note,clientId is C10219452 salesReversalId SRJD00000472,Passed
11/06/2020 09:40:19,O2C_CR182_Abletosend_twoinvoicelayouts_Non_Confidential_Confidential_to_Clients_APAC,null,Failed
11/06/2020 09:48:33,O2C_Tscenario_138_Refund_Customer_for_a_Credit_Note,clientId is C10219453 salesReversalId SRJD00000473teamSelected is BT : BT00305creditNoteNum CNJD00001922,Passed
11/06/2020 09:53:05,O2C_CR182_Abletosend_twoinvoicelayoutsNotTicked_Non_Confidential_Confidential_to_Clients_APAC,SOID Ref is T1591865333863 originalSORef SOJL00008308 first invoice Invoice_INJL00041060.pdf 11-6-2020_Message_18942176 136 11/6/2020 9:51 am PDF File download secondinvoice ,Passed
11/06/2020 09:57:30,O2C_CR212_CCSalesconsultantwheninvoicesaresentfromsystemforSalesorders,null,Failed
11/06/2020 10:02:20,O2C_CR212_CCSalesconsultantwheninvoicesaresentfromsystemforSalesorders_RevenueSplit,null,Failed
