Date,TestCaseName,ClientID,Result
09/04/2020 06:15:05,CreditControl_NewClient_SetUp_Highrisk_client_Temp,null,Passed
09/04/2020 06:17:48,CreditControl_New_Client_SetUp_Standard_client_Temp,null,Passed
09/04/2020 06:20:11,Credit_Control_Client_Formviewadding_into_relationships_tab,null,Passed
09/04/2020 06:25:12,Credit_Control_Email_ClientwithReminderandattachmentfiles_Temp,null,Failed
09/04/2020 06:26:22,Credit_Control_Email_with_Invoice_Non_Temp,null,Failed
09/04/2020 06:28:03,Credit_Control_Escalation_ClientwithReminderandattachmentfiles_Temp,null,Passed
09/04/2020 06:31:03,Credit_Control_NewClient_set_up_Non_Temp,null,Passed
09/04/2020 06:33:04,Credit_control_Update_Client_UserNote_and_CollectionNote_Temp,null,Passed
09/04/2020 06:35:44,O2C_Tscenario_1_Create_Standard_Non_Temp_Client,C10217128,Passed
09/04/2020 06:46:34,O2C_Tscenario_29_Raise_and_Approve_Manual_Invoice,clientId is C10217129 teamSelected BT : BT00067 invoiceId is INAD10058911,Passed
09/04/2020 07:00:59,O2C_Tscenario_32_Raise_and_Approve_Manual_Credit_Note,null,Failed
09/04/2020 07:05:53,O2C_Tscenario_33_Raise_and_Reject_Manual_Credit_Note,clientId is C10217131 salesReversalId SRAD10010915,Passed
09/04/2020 07:08:28,O2C_Tscenario_138_Refund_Customer_for_a_Credit_Note,null,Failed
09/04/2020 07:09:57,O2C_NT_Tscenario_01_AR_Clerk_And_Client_Dashboard_checks,null,Passed
09/04/2020 07:11:34,Check_Perm_Credit_Controller_Dashboard_displays_expected_content,null,Passed
14/04/2020 11:09:35,CreditControl_NewClient_SetUp_Highrisk_client_Temp,null,Passed
14/04/2020 11:12:30,CreditControl_New_Client_SetUp_Standard_client_Temp,null,Passed
14/04/2020 11:14:59,Credit_Control_Client_Formviewadding_into_relationships_tab,null,Passed
14/04/2020 11:20:20,Credit_Control_Email_ClientwithReminderandattachmentfiles_Temp,null,Failed
14/04/2020 11:21:38,Credit_Control_Email_with_Invoice_Non_Temp,null,Failed
14/04/2020 11:24:13,Credit_Control_Escalation_ClientwithReminderandattachmentfiles_Temp,null,Passed
14/04/2020 11:26:58,Credit_Control_NewClient_set_up_Non_Temp,null,Passed
14/04/2020 11:29:26,Credit_control_Update_Client_UserNote_and_CollectionNote_Temp,null,Passed
14/04/2020 11:31:40,O2C_Tscenario_1_Create_Standard_Non_Temp_Client,C10217159,Passed
14/04/2020 11:41:15,O2C_Tscenario_29_Raise_and_Approve_Manual_Invoice,clientId is C10217160 teamSelected BT : BT00067 invoiceId is INAD10058989,Passed
14/04/2020 11:50:43,O2C_Tscenario_32_Raise_and_Approve_Manual_Credit_Note,clientId is C10217161 teamSelected BT : BT00067 salesReversalId SRAD10010916 creditNoteNum isCNAD10027307,Passed
14/04/2020 11:55:21,O2C_Tscenario_33_Raise_and_Reject_Manual_Credit_Note,clientId is C10217162 salesReversalId SRAD10010917,Passed
14/04/2020 12:04:19,O2C_Tscenario_138_Refund_Customer_for_a_Credit_Note,clientId is C10217163 salesReversalId SRAD10010918teamSelected is BT : BT00067creditNoteNum CNAD10027308,Passed
14/04/2020 12:05:58,O2C_NT_Tscenario_01_AR_Clerk_And_Client_Dashboard_checks,null,Passed
14/04/2020 12:07:28,Check_Perm_Credit_Controller_Dashboard_displays_expected_content,null,Passed
05/05/2020 08:41:19,CreditControl_NewClient_SetUp_Highrisk_client_Temp,null,Passed
05/05/2020 08:44:07,CreditControl_New_Client_SetUp_Standard_client_Temp,null,Passed
05/05/2020 08:46:03,Credit_Control_Client_Formviewadding_into_relationships_tab,null,Passed
05/05/2020 08:51:06,Credit_Control_Email_ClientwithReminderandattachmentfiles_Temp,null,Passed
05/05/2020 08:52:24,Credit_Control_Email_with_Invoice_Non_Temp,null,Failed
05/05/2020 08:53:51,Credit_Control_Escalation_ClientwithReminderandattachmentfiles_Temp,null,Passed
05/05/2020 08:56:32,Credit_Control_NewClient_set_up_Non_Temp,null,Passed
05/05/2020 08:58:27,Credit_control_Update_Client_UserNote_and_CollectionNote_Temp,null,Passed
05/05/2020 09:00:40,O2C_Tscenario_1_Create_Standard_Non_Temp_Client,C10218252,Passed
05/05/2020 09:10:07,O2C_Tscenario_29_Raise_and_Approve_Manual_Invoice,null,Failed
05/05/2020 09:20:03,O2C_Tscenario_32_Raise_and_Approve_Manual_Credit_Note,null,Failed
05/05/2020 09:22:41,O2C_Tscenario_33_Raise_and_Reject_Manual_Credit_Note,null,Failed
05/05/2020 09:31:42,O2C_Tscenario_138_Refund_Customer_for_a_Credit_Note,clientId is C10218256 salesReversalId SRAD10011267teamSelected is BT : BT00067creditNoteNum CNAD10027661,Passed
05/05/2020 09:33:08,O2C_NT_Tscenario_01_AR_Clerk_And_Client_Dashboard_checks,null,Passed
05/05/2020 09:34:39,Check_Perm_Credit_Controller_Dashboard_displays_expected_content,null,Passed
09/05/2020 11:48:08,O2C_Tscenario_29_Raise_and_Approve_Manual_Invoice,null,Failed
09/05/2020 12:01:08,O2C_Tscenario_33_Raise_and_Reject_Manual_Credit_Note,clientId is C10218274 salesReversalId SRAD10011268,Passed
09/05/2020 12:18:11,O2C_Tscenario_32_Raise_and_Approve_Manual_Credit_Note,clientId is C10218275 teamSelected BT : BT00067 salesReversalId SRAD10011269 creditNoteNum isCNAD10027662,Passed
09/05/2020 03:34:22,O2C_Tscenario_29_Raise_and_Approve_Manual_Invoice,clientId is C10218276 teamSelected BT : BT00067 invoiceId is INAD10059889,Passed
09/05/2020 04:36:54,CreditControl_NewClient_SetUp_Highrisk_client_Temp,null,Passed
09/05/2020 04:39:45,CreditControl_New_Client_SetUp_Standard_client_Temp,null,Passed
09/05/2020 04:41:47,Credit_Control_Client_Formviewadding_into_relationships_tab,null,Passed
09/05/2020 04:46:48,Credit_Control_Email_ClientwithReminderandattachmentfiles_Temp,null,Passed
09/05/2020 04:48:06,Credit_Control_Email_with_Invoice_Non_Temp,null,Failed
09/05/2020 04:49:45,Credit_Control_Escalation_ClientwithReminderandattachmentfiles_Temp,null,Passed
09/05/2020 04:52:16,Credit_Control_NewClient_set_up_Non_Temp,null,Passed
09/05/2020 04:54:04,Credit_control_Update_Client_UserNote_and_CollectionNote_Temp,null,Passed
09/05/2020 04:56:26,O2C_Tscenario_1_Create_Standard_Non_Temp_Client,C10218283,Passed
09/05/2020 05:03:31,O2C_Tscenario_29_Raise_and_Approve_Manual_Invoice,clientId is C10218284 teamSelected BT : BT00067 invoiceId is INAD10059890,Passed
09/05/2020 05:17:59,O2C_Tscenario_32_Raise_and_Approve_Manual_Credit_Note,clientId is C10218285 teamSelected BT : BT00067 salesReversalId SRAD10011270 creditNoteNum isCNAD10027663,Passed
09/05/2020 05:22:44,O2C_Tscenario_33_Raise_and_Reject_Manual_Credit_Note,clientId is C10218286 salesReversalId SRAD10011271,Passed
09/05/2020 05:31:30,O2C_Tscenario_138_Refund_Customer_for_a_Credit_Note,clientId is C10218287 salesReversalId SRAD10011272teamSelected is BT : BT00067creditNoteNum CNAD10027664,Passed
09/05/2020 05:33:03,O2C_NT_Tscenario_01_AR_Clerk_And_Client_Dashboard_checks,null,Passed
09/05/2020 05:34:36,Check_Perm_Credit_Controller_Dashboard_displays_expected_content,null,Passed
11/05/2020 10:15:17,CreditControl_NewClient_SetUp_Highrisk_client_Temp,null,Passed
11/05/2020 10:21:42,CreditControl_NewClient_SetUp_Highrisk_client_Temp,null,Passed
11/05/2020 10:24:32,CreditControl_New_Client_SetUp_Standard_client_Temp,null,Passed
11/05/2020 10:27:07,Credit_Control_Client_Formviewadding_into_relationships_tab,null,Passed
11/05/2020 10:32:46,Credit_Control_Email_ClientwithReminderandattachmentfiles_Temp,null,Passed
11/05/2020 10:34:09,Credit_Control_Email_with_Invoice_Non_Temp,null,Failed
11/05/2020 10:36:48,Credit_Control_Escalation_ClientwithReminderandattachmentfiles_Temp,null,Passed
11/05/2020 10:39:30,Credit_Control_NewClient_set_up_Non_Temp,null,Passed
11/05/2020 10:41:56,Credit_control_Update_Client_UserNote_and_CollectionNote_Temp,null,Passed
11/05/2020 10:44:20,O2C_Tscenario_1_Create_Standard_Non_Temp_Client,C10218314,Passed
11/05/2020 10:53:24,O2C_Tscenario_29_Raise_and_Approve_Manual_Invoice,clientId is C10218315 teamSelected BT : BT00067 invoiceId is INAD10059929,Passed
11/05/2020 11:03:23,O2C_Tscenario_32_Raise_and_Approve_Manual_Credit_Note,clientId is C10218316 teamSelected BT : BT00067 salesReversalId SRAD10011273 creditNoteNum isCNAD10027665,Passed
11/05/2020 11:06:00,O2C_Tscenario_33_Raise_and_Reject_Manual_Credit_Note,null,Failed
11/05/2020 11:14:53,O2C_Tscenario_138_Refund_Customer_for_a_Credit_Note,clientId is C10218318 salesReversalId SRAD10011274teamSelected is BT : BT00067creditNoteNum CNAD10027666,Passed
11/05/2020 11:16:27,O2C_NT_Tscenario_01_AR_Clerk_And_Client_Dashboard_checks,null,Passed
11/05/2020 11:17:50,Check_Perm_Credit_Controller_Dashboard_displays_expected_content,null,Passed
06/06/2020 09:03:38,O2C_Tscenario_1_Create_Standard_Non_Temp_Client,C10219419,Passed
06/06/2020 09:11:31,O2C_Tscenario_29_Raise_and_Approve_Manual_Invoice,clientId is C10219420 teamSelected BT : BT00067 invoiceId is INAD10060759,Passed
06/06/2020 09:20:43,O2C_Tscenario_32_Raise_and_Approve_Manual_Credit_Note,clientId is C10219421 teamSelected BT : BT00067 salesReversalId SRAD10011601 creditNoteNum isCNAD10028002,Passed
06/06/2020 09:25:21,O2C_Tscenario_33_Raise_and_Reject_Manual_Credit_Note,clientId is C10219422 salesReversalId SRAD10011602,Passed
06/06/2020 09:33:19,O2C_Tscenario_138_Refund_Customer_for_a_Credit_Note,clientId is C10219423 salesReversalId SRAD10011603teamSelected is BT : BT00067creditNoteNum CNAD10028003,Passed
11/06/2020 08:38:40,O2C_Tscenario_1_Create_Standard_Non_Temp_Client,C10219444,Passed
11/06/2020 08:46:56,O2C_Tscenario_29_Raise_and_Approve_Manual_Invoice,clientId is C10219445 teamSelected BT : BT00067 invoiceId is INAD10060804,Passed
11/06/2020 08:56:32,O2C_Tscenario_32_Raise_and_Approve_Manual_Credit_Note,clientId is C10219446 teamSelected BT : BT00067 salesReversalId SRAD10011604 creditNoteNum isCNAD10028004,Passed
11/06/2020 09:01:09,O2C_Tscenario_33_Raise_and_Reject_Manual_Credit_Note,clientId is C10219447 salesReversalId SRAD10011605,Passed
11/06/2020 09:09:23,O2C_Tscenario_138_Refund_Customer_for_a_Credit_Note,clientId is C10219448 salesReversalId SRAD10011606teamSelected is BT : BT00067creditNoteNum CNAD10028005,Passed
