Date,TestCaseName,JournalID,Result,
03/06/2020 12:52,R2R_Tscenario_32_Raise_icAcct_approv_From_To_RegApprover_subs_BR,JOEE00000005,JOEE00000005,
03/06/2020 01:18,R2R_Tscenario_7_Raise_Acct_Reject_Amend_Approve_non_reversing_journal,JOEF00002315,Passed,
03/06/2020 01:23,R2R_Tscenario_8_Raise_Acct_Reject_And_Void_reversing_journal,JOEF00002316,Passed,
03/06/2020 01:28,R2R_Tscenario_9_Raise_Acct_And_Approve_same_user_non_reversing_journal,JOEF00002317,Passed,
03/06/2020 01:33,R2R_Tscenario_10_Raise_Acct_And_Approve_same_user_reversing_journal,JOEF00002318,Passed,
03/06/2020 01:38,R2R_Tscenario_11_Raise_Reg_Approver_And_Approve_different_Reg_Approver_non_reversing_journal,JOEF00002319,Passed,
03/06/2020 01:45,R2R_Tscenario_12_Raise_Reg_Approver_And_Reject_different_Reg_Approver_non_reversing_journal,JOEF00002320,Passed,
03/06/2020 01:50,R2R_Tscenario_13_Raise_Grp_Approver_And_Approve_reversing_journal,JOEF00002321,Passed,
03/06/2020 01:56,R2R_Tscenario_14_Raise_Grp_Approver_And_Approve_same_user_non_reversing_journal,JOEF00002322,Passed,
03/06/2020 02:07,R2R_Tscenario_15_Raise_Acct_via_CSV_And_Approve_reversing_journal,JOET00086723,Passed,
03/06/2020 02:18,R2R_Tscenario_16_Raise_Acct_via_CSV_Reject_Amend_Approve_non_reversing_journal,JOET00086724,Passed,
03/06/2020 02:29,R2R_Tscenario_17_Raise_Reg_Approver_via_CSV_And_Approve_different_Reg_Approver_non_reversing_journal,JOET00086725,Passed,
03/06/2020 02:39,R2R_Tscenario_18_Raise_Grp_Approver_via_CSV_And_Approve_reversing_journal,JOET00086726,Passed,
03/06/2020 02:51,R2R_Tscenario_51_Asset_Proposal_And_Capitalisation,JOEF00002323 C:\Users\uktstautomation02\Downloads\Unconfirmed 218549.crdownload,Passed,
03/06/2020 02:55,R2R_Tscenario_55_Asset_Depreciation,null,null,
03/06/2020 03:03,R2R_Tscenario_58_Asset_Transfer,FAM032692-Leasehold Improvements-16.000,00-Completed-Completed 93938-C:\Users\uktstautomation02\Downloads\Unconfirmed 307615.crdownload details link page report Assets transferred: 1,Passed
03/06/2020 03:12,R2R_Tscenario_64_Asset_Amendment_Accelerate_depreciation_to_depreciate_in_month_of_purchase,null,null,
03/06/2020 03:20,R2R_Tscenario_68_Asset_Disposal_Sale,null,null,
03/06/2020 03:27,R2R_Tscenario_69_Asset_Disposal_Write_Off,C10068889-FAM032692-Leasehold Improvements-Completed-Completed 93942-C:\Users\uktstautomation02\Downloads\Unconfirmed 138432.crdownload assetwriteoffDetails DHR and journal entries written: 1,,
Invoices written: 0,,,,
Assets disposed: 1,Passed,,,
03/06/2020 03:31,R2R_Tscenario_109_Regional_Provisional_SupportCharges_createintercompanyallocationschedule,TestAutomation1591194560406,Passed,
03/06/2020 03:38,R2R_Tscenario_115_Regional_Provisional_SupportCharges_createandrun_allocationbatch,JOEF00002333,JOEF00002333,
11/06/2020 01:49:39,R2R_Tscenario_32_Raise_icAcct_approv_From_To_RegApprover_subs_BR,JOEE00000006,Passed
11/06/2020 02:03:57,R2R_Tscenario_33_Raise_icAcct_approv_From_To_GrpApprover_subs_BR,JOEE00000007,Passed
11/06/2020 02:27:10,R2R_Tscenario_34_Raise_icAcct_approv_From_To_RegApprover_subs_Edit_Approve_BR,JOEE00000008,Passed
11/06/2020 02:34:14,R2R_Tscenario_7_Raise_Acct_Reject_Amend_Approve_non_reversing_journal,JOEF00002334,Passed
11/06/2020 02:38:23,R2R_Tscenario_8_Raise_Acct_Reject_And_Void_reversing_journal,JOEF00002335,Passed
11/06/2020 02:42:43,R2R_Tscenario_9_Raise_Acct_And_Approve_same_user_non_reversing_journal,JOEF00002336,Passed
11/06/2020 02:47:03,R2R_Tscenario_10_Raise_Acct_And_Approve_same_user_reversing_journal,JOEF00002337,Passed
11/06/2020 02:52:31,R2R_Tscenario_11_Raise_Reg_Approver_And_Approve_different_Reg_Approver_non_reversing_journal,JOEF00002338,Passed
11/06/2020 02:59:04,R2R_Tscenario_12_Raise_Reg_Approver_And_Reject_different_Reg_Approver_non_reversing_journal,JOEF00002339,Passed
11/06/2020 03:04:34,R2R_Tscenario_13_Raise_Grp_Approver_And_Approve_reversing_journal,JOEF00002340,Passed
11/06/2020 03:09:45,R2R_Tscenario_14_Raise_Grp_Approver_And_Approve_same_user_non_reversing_journal,JOEF00002341,Passed
11/06/2020 03:17:24,R2R_Tscenario_15_Raise_Acct_via_CSV_And_Approve_reversing_journal,JOET00086727,Passed
11/06/2020 03:27:00,R2R_Tscenario_16_Raise_Acct_via_CSV_Reject_Amend_Approve_non_reversing_journal,JOET00086728,Passed
11/06/2020 03:35:34,R2R_Tscenario_17_Raise_Reg_Approver_via_CSV_And_Approve_different_Reg_Approver_non_reversing_journal,JOET00086729,Passed
11/06/2020 03:42:32,R2R_Tscenario_18_Raise_Grp_Approver_via_CSV_And_Approve_reversing_journal,JOFI00014464,JOFI00014464
11/06/2020 03:53:55,R2R_Tscenario_51_Asset_Proposal_And_Capitalisation,JOEF00002342 C:\Users\uktstautomation02\Downloads\FAM_RegisterReport_FPR94879.pdf,Passed
11/06/2020 03:57:53,R2R_Tscenario_55_Asset_Depreciation,null,null
11/06/2020 04:05:58,R2R_Tscenario_58_Asset_Transfer,FAM032694-Leasehold Improvements-12.926,00-Completed-Completed 94880-C:\Users\uktstautomation02\Downloads\FAM_RegisterReport_FPR94881.pdf details link page report Assets transferred: 1,Passed
11/06/2020 04:14:49,R2R_Tscenario_64_Asset_Amendment_Accelerate_depreciation_to_depreciate_in_month_of_purchase,FAM032694-Leasehold Improvements-12.926,00-Completed-Completed 94882-C:\Users\uktstautomation02\Downloads\FAM_RegisterReport_FPR94883.pdf,Passed
11/06/2020 04:21:09,R2R_Tscenario_68_Asset_Disposal_Sale,null,null
11/06/2020 04:27:55,R2R_Tscenario_69_Asset_Disposal_Write_Off,C10068889-FAM032694-Leasehold Improvements-Completed-Completed 94885-C:\Users\uktstautomation02\Downloads\FAM_SummaryReport_FPR94886.pdf assetwriteoffDetails DHR and journal entries written: 1
Invoices written: 0
Assets disposed: 1,Passed
11/06/2020 04:31:27,R2R_Tscenario_109_Regional_Provisional_SupportCharges_createintercompanyallocationschedule,TestAutomation1591889353021,Passed
11/06/2020 04:39:37,R2R_Tscenario_115_Regional_Provisional_SupportCharges_createandrun_allocationbatch,JOEF00002352,JOEF00002352
11/06/2020 04:50:58,R2R_Tscenario_29_Amortisation_Journals,JOEF00002353,JOEF00002353
