Date,TestCaseName,JournalID,Result,
03/06/2020 06:37,R2R_Tscenario_115_Regional_Provisional_SupportCharges_createandrun_allocationbatch,JOFJ00013702,Failed,
11/06/2020 05:05,R2R_Tscenario_32_Raise_icAcct_approv_From_To_RegApprover_subs_AR,JOFJ00013706,Passed,
11/06/2020 05:20,R2R_Tscenario_33_Raise_icAcct_approv_From_To_GroupApprover_subs_AR,JOFJ00013707,Passed,
11/06/2020 05:42,R2R_Tscenario_34_Raise_icAcct_approv_From_To_RegApprover_subs_Edit_Approve_BR,JOFJ00013708,Passed,
11/06/2020 05:48,R2R_Tscenario_7_Raise_Acct_Reject_Amend_Approve_non_reversing_journal,JOFJ00013709,Passed,
11/06/2020 05:54,R2R_Tscenario_8_Raise_Acct_Reject_And_Void_reversing_journal,null,Failed,
11/06/2020 05:59,R2R_Tscenario_9_Raise_Acct_And_Approve_same_user_non_reversing_journal,JOFJ00013710,Passed,
11/06/2020 06:03,R2R_Tscenario_10_Raise_Acct_And_Approve_same_user_reversing_journal,JOFJ00013711,Passed,
11/06/2020 06:07,R2R_Tscenario_11_Raise_Reg_Approver_And_Approve_different_Reg_Approver_non_reversing_journal,JOFJ00013712,Passed,
11/06/2020 06:14,R2R_Tscenario_12_Raise_Reg_Approver_And_Reject_different_Reg_Approver_non_reversing_journal,JOFJ00013713,Passed,
11/06/2020 06:19,R2R_Tscenario_13_Raise_Grp_Approver_And_Approve_reversing_journal,JOFJ00013714,Passed,
11/06/2020 06:24,R2R_Tscenario_14_Raise_Grp_Approver_And_Approve_same_user_non_reversing_journal,JOFJ00013715,Passed,
11/06/2020 06:31,R2R_Tscenario_15_Raise_Acct_via_CSV_And_Approve_reversing_journal,JOFJ00013716,Passed,
11/06/2020 06:39,R2R_Tscenario_16_Raise_Acct_via_CSV_Reject_Amend_Approve_non_reversing_journal,null,Failed,
11/06/2020 06:46,R2R_Tscenario_17_Raise_Reg_Approver_via_CSV_And_Approve_different_Reg_Approver_non_reversing_journal,JOFJ00013717,Passed,
11/06/2020 06:53,R2R_Tscenario_18_Raise_Grp_Approver_via_CSV_And_Approve_reversing_journal,JOFJ00013718,Passed,
11/06/2020 07:04,R2R_Tscenario_51_Asset_Proposal_And_Capitalisation,JOFJ00013719 C:\Users\uktstautomation02\Downloads\FAM_RegisterReport_FPR94989.pdf,Passed,
11/06/2020 07:08,R2R_Tscenario_55_Asset_Depreciation,null,Failed,
11/06/2020 07:15,R2R_Tscenario_58_Asset_Transfer,FAM019305-Leasehold Improvements-329.187,16-Completed-Completed 94990-C:\Users\uktstautomation02\Downloads\FAM_RegisterReport_FPR94991.pdf details link page report Assets transferred: 1,Passed
11/06/2020 07:23,R2R_Tscenario_64_Asset_Amendment_Accelerate_depreciation_to_depreciate_in_month_of_purchase,FAM019305-Leasehold Improvements-329.187,16-Completed-Completed 94992-C:\Users\uktstautomation02\Downloads\FAM_RegisterReport_FPR94993.pdf,Passed
11/06/2020 07:30,R2R_Tscenario_68_Asset_Disposal_Sale,C10058535-FAM019305-Leasehold Improvements-Completed-Completed 94994-C:\Users\uktstautomation02\Downloads\FAM_SummaryReport_FPR94995.pdf assetsaleDetails DHR and journal entries written: 1,,
Invoices written: 1,,,,
Assets disposed: 1,Passed,,,
11/06/2020 07:37,R2R_Tscenario_69_Asset_Disposal_Write_Off,C10058535-FAM019306-Leasehold Improvements-Completed-Completed 94996-C:\Users\uktstautomation02\Downloads\FAM_SummaryReport_FPR94997.pdf assetwriteoffDetails DHR and journal entries written: 1,,
Invoices written: 0,,,,
Assets disposed: 1,Passed,,,
11/06/2020 07:40,R2R_Tscenario_109_Regional_Provisional_SupportCharges_createintercompanyallocationschedule,TestAutomation1591900731988,Passed,
11/06/2020 07:48,R2R_Tscenario_115_Regional_Provisional_SupportCharges_createandrun_allocationbatch,JOFJ00013727,Failed,
11/06/2020 08:00,R2R_Tscenario_29_Amortisation_Journals,JOFJ00013728,Failed,
