Date,TestCaseName,JournalID,Result,
03/06/2020 10:30,R2R_Tscenario_32_Raise_icAcct_approv_From_To_RegApprover_subs_AR,JOAD12337933,Passed,
03/06/2020 10:55,R2R_Tscenario_34_Raise_icAcct_approv_From_To_RegApprover_subs_Edit_Approve_UK,JOAD12337934,Failed,
03/06/2020 11:02,R2R_Tscenario_7_Raise_Acct_Reject_Amend_Approve_non_reversing_journal,JOAD12337935,Passed,
03/06/2020 11:07,R2R_Tscenario_8_Raise_Acct_Reject_And_Void_reversing_journal,JOAD12337936,Passed,
03/06/2020 11:12,R2R_Tscenario_9_Raise_Acct_And_Approve_same_user_non_reversing_journal,JOAD12337937,Passed,
03/06/2020 11:16,R2R_Tscenario_10_Raise_Acct_And_Approve_same_user_reversing_journal,JOAD12337938,Passed,
03/06/2020 11:21,R2R_Tscenario_11_Raise_Reg_Approver_And_Approve_different_Reg_Approver_non_reversing_journal,JOAD12337939,Passed,
03/06/2020 11:28,R2R_Tscenario_12_Raise_Reg_Approver_And_Reject_different_Reg_Approver_non_reversing_journal,JOAD12337940,Passed,
03/06/2020 11:34,R2R_Tscenario_13_Raise_Grp_Approver_And_Approve_reversing_journal,JOAD12337941,Passed,
03/06/2020 11:39,R2R_Tscenario_14_Raise_Grp_Approver_And_Approve_same_user_non_reversing_journal,JOAD12337942,Passed,
03/06/2020 11:50,R2R_Tscenario_15_Raise_Acct_via_CSV_And_Approve_reversing_journal,JOAD12337943,Passed,
04/06/2020 12:00,R2R_Tscenario_16_Raise_Acct_via_CSV_Reject_Amend_Approve_non_reversing_journal,JOAD12337944,Passed,
04/06/2020 12:11,R2R_Tscenario_17_Raise_Reg_Approver_via_CSV_And_Approve_different_Reg_Approver_non_reversing_journal,JOAD12337945,Passed,
04/06/2020 12:21,R2R_Tscenario_18_Raise_Grp_Approver_via_CSV_And_Approve_reversing_journal,JOAD12337946,Passed,
04/06/2020 12:28,R2R_Tscenario_51_Asset_Proposal_And_Capitalisation,JOAD12337947,Failed,
04/06/2020 12:33,R2R_Tscenario_55_Asset_Depreciation,null,Failed,
04/06/2020 12:41,R2R_Tscenario_58_Asset_Transfer,FAM000394-Goodwill-191,058.94-Completed-Completed 94160-C:\Users\uktstautomation02\Downloads\FAM_RegisterReport_FPR94057.pdf details link page report Assets transferred: 1,Passed
04/06/2020 12:50,R2R_Tscenario_64_Asset_Amendment_Accelerate_depreciation_to_depreciate_in_month_of_purchase,null,Failed,
04/06/2020 12:59,R2R_Tscenario_68_Asset_Disposal_Sale,C10000005-FAM000394-Goodwill-Completed-Completed 94163-C:\Users\uktstautomation02\Downloads\FAM_SummaryReport_FPR94164.pdf assetsaleDetails DHR and journal entries written: 1,,
Invoices written: 1,,,,
Assets disposed: 1,Passed,,,
04/06/2020 01:07,R2R_Tscenario_69_Asset_Disposal_Write_Off,C10000005-FAM000395-Goodwill-Completed-Completed 94165-C:\Users\uktstautomation02\Downloads\FAM_SummaryReport_FPR94166.pdf assetwriteoffDetails DHR and journal entries written: 1,,
Invoices written: 0,,,,
Assets disposed: 1,Passed,,,
04/06/2020 01:11,R2R_Tscenario_109_Regional_Provisional_SupportCharges_createintercompanyallocationschedule,TestAutomation1591229390936,Passed,
04/06/2020 01:18,R2R_Tscenario_115_Regional_Provisional_SupportCharges_createandrun_allocationbatch,JOAD12337953,Failed,
11/06/2020 11:25:40,R2R_Tscenario_29_Amortisation_Journals,JOAD12338119,Failed
11/06/2020 11:40:00,R2R_Tscenario_32_Raise_icAcct_approv_From_To_RegApprover_subs_AR,JOAD12338133,Passed
11/06/2020 11:54:26,R2R_Tscenario_33_Raise_icAcct_approv_From_To_GrpApprover_subs_UK,JOAD12338134,Passed
12/06/2020 12:16:50,R2R_Tscenario_34_Raise_icAcct_approv_From_To_RegApprover_subs_Edit_Approve_UK,JOAD12338135,Passed
12/06/2020 12:22:58,R2R_Tscenario_7_Raise_Acct_Reject_Amend_Approve_non_reversing_journal,JOAD12338136,Passed
12/06/2020 12:26:54,R2R_Tscenario_8_Raise_Acct_Reject_And_Void_reversing_journal,JOAD12338137,Passed
12/06/2020 12:31:11,R2R_Tscenario_9_Raise_Acct_And_Approve_same_user_non_reversing_journal,JOAD12338138,Passed
12/06/2020 12:34:55,R2R_Tscenario_10_Raise_Acct_And_Approve_same_user_reversing_journal,JOAD12338140,Passed
12/06/2020 12:39:14,R2R_Tscenario_11_Raise_Reg_Approver_And_Approve_different_Reg_Approver_non_reversing_journal,JOAD12338141,Passed
12/06/2020 12:44:59,R2R_Tscenario_12_Raise_Reg_Approver_And_Reject_different_Reg_Approver_non_reversing_journal,JOAD12338142,Passed
12/06/2020 12:49:55,R2R_Tscenario_13_Raise_Grp_Approver_And_Approve_reversing_journal,JOAD12338143,Passed
12/06/2020 12:55:10,R2R_Tscenario_14_Raise_Grp_Approver_And_Approve_same_user_non_reversing_journal,JOAD12338144,Passed
12/06/2020 01:03:05,R2R_Tscenario_15_Raise_Acct_via_CSV_And_Approve_reversing_journal,JOAD12338145,Passed
12/06/2020 01:12:33,R2R_Tscenario_16_Raise_Acct_via_CSV_Reject_Amend_Approve_non_reversing_journal,JOAD12338146,Passed
12/06/2020 01:20:30,R2R_Tscenario_17_Raise_Reg_Approver_via_CSV_And_Approve_different_Reg_Approver_non_reversing_journal,JOAD12338147,Passed
12/06/2020 01:27:34,R2R_Tscenario_18_Raise_Grp_Approver_via_CSV_And_Approve_reversing_journal,JOAD12338148,Passed
12/06/2020 01:39:08,R2R_Tscenario_51_Asset_Proposal_And_Capitalisation,JOAD12338149 C:\Users\uktstautomation02\Downloads\95e67567-d0cb-409d-aaa2-63db2dfe5306.tmp,Passed
12/06/2020 01:42:59,R2R_Tscenario_55_Asset_Depreciation,null,Failed
12/06/2020 01:48:59,R2R_Tscenario_58_Asset_Transfer,FAM000437-Motor Vehicles - Directors-37,440.74-Completed-Completed 95309-C:\Users\uktstautomation02\Downloads\FAM_RegisterReport_FPR95310.pdf details link page report Assets transferred: 1,Passed
12/06/2020 01:56:15,R2R_Tscenario_64_Asset_Amendment_Accelerate_depreciation_to_depreciate_in_month_of_purchase,FAM000437-Motor Vehicles - Directors-37,440.74-Completed-Completed 95311-C:\Users\uktstautomation02\Downloads\FAM_RegisterReport_FPR95312.pdf,Passed
12/06/2020 02:03:07,R2R_Tscenario_68_Asset_Disposal_Sale,C10000005-FAM000437-Motor Vehicles - Directors-Completed-Completed 95313-C:\Users\uktstautomation02\Downloads\FAM_SummaryReport_FPR95314.pdf assetsaleDetails DHR and journal entries written: 1
Invoices written: 1
Assets disposed: 1,Passed
12/06/2020 02:09:26,R2R_Tscenario_69_Asset_Disposal_Write_Off,C10000005-FAM000438-Motor Vehicles - Fee Earners-Completed-Completed 95315-C:\Users\uktstautomation02\Downloads\FAM_SummaryReport_FPR95316.pdf assetwriteoffDetails DHR and journal entries written: 1
Invoices written: 0
Assets disposed: 1,Passed
12/06/2020 02:12:56,R2R_Tscenario_109_Regional_Provisional_SupportCharges_createintercompanyallocationschedule,TestAutomation1591924249206,Passed
12/06/2020 02:21:22,R2R_Tscenario_115_Regional_Provisional_SupportCharges_createandrun_allocationbatch,JOAD12338154,Failed
