Date,TestCaseName,JournalID,Result,
03/06/2020 07:08,R2R_Tscenario_32_Raise_icAcct_approv_From_To_RegApprover_subs_EU,JONO00007371,Failed,
03/06/2020 07:24,R2R_Tscenario_33_Raise_icAcct_approv_From_To_RegApprover_subs_EU,JONO00007372,Passed,
03/06/2020 07:40,R2R_Tscenario_34_Raise_icAcct_approv_From_To_RegApprover_subs_Edit_Approve_EU,JONO00007373,Failed,
03/06/2020 07:48,R2R_Tscenario_7_Raise_Acct_Reject_Amend_Approve_non_reversing_journal,JONO00007374,Passed,
03/06/2020 07:53,R2R_Tscenario_8_Raise_Acct_Reject_And_Void_reversing_journal,JONO00007375,Passed,
03/06/2020 07:59,R2R_Tscenario_9_Raise_Acct_And_Approve_same_user_non_reversing_journal,JONO00007376,Passed,
03/06/2020 08:04,R2R_Tscenario_10_Raise_Acct_And_Approve_same_user_reversing_journal,JONO00007377,Passed,
03/06/2020 08:12,R2R_Tscenario_11_Raise_Reg_Approver_And_Approve_different_Reg_Approver_non_reversing_journal,JONO00007378,Passed,
03/06/2020 08:21,R2R_Tscenario_12_Raise_Reg_Approver_And_Reject_different_Reg_Approver_non_reversing_journal,JONO00007379,Passed,
03/06/2020 08:27,R2R_Tscenario_13_Raise_Grp_Approver_And_Approve_reversing_journal,JONO00007380,Passed,
03/06/2020 08:33,R2R_Tscenario_14_Raise_Grp_Approver_And_Approve_same_user_non_reversing_journal,JONO00007381,Passed,
03/06/2020 08:46,R2R_Tscenario_15_Raise_Acct_via_CSV_And_Approve_reversing_journal,JONO00007382,Passed,
03/06/2020 09:00,R2R_Tscenario_16_Raise_Acct_via_CSV_Reject_Amend_Approve_non_reversing_journal,JONO00007383,Failed,
03/06/2020 09:12,R2R_Tscenario_17_Raise_Reg_Approver_via_CSV_And_Approve_different_Reg_Approver_non_reversing_journal,JONO00007384,Passed,
03/06/2020 09:22,R2R_Tscenario_18_Raise_Grp_Approver_via_CSV_And_Approve_reversing_journal,JONO00007385,Passed,
03/06/2020 09:35,R2R_Tscenario_51_Asset_Proposal_And_Capitalisation,JONO00007386 C:\Users\uktstautomation02\Downloads\Unconfirmed 507063.crdownload,Passed,
03/06/2020 09:40,R2R_Tscenario_55_Asset_Depreciation,null,Failed,
03/06/2020 09:48,R2R_Tscenario_58_Asset_Transfer,FAM021490-Furniture & Fixtures-9,401.85-Completed-Completed 94054-C:\Users\uktstautomation02\Downloads\FAM_RegisterReport_FPR94055.pdf details link page report Assets transferred: 1,Passed
03/06/2020 09:57,R2R_Tscenario_64_Asset_Amendment_Accelerate_depreciation_to_depreciate_in_month_of_purchase,FAM021490-Furniture & Fixtures-9,401.85-Completed with Errors-Completed with Errors 94056-C:\Users\uktstautomation02\Downloads\FAM_RegisterReport_FPR94057.pdf,Passed
03/06/2020 10:04,R2R_Tscenario_68_Asset_Disposal_Sale,null,Failed,
03/06/2020 10:04,R2R_Tscenario_69_Asset_Disposal_Write_Off,null,Failed,
03/06/2020 10:05,R2R_Tscenario_109_Regional_Provisional_SupportCharges_createintercompanyallocationschedule,null,Failed,
03/06/2020 10:06,R2R_Tscenario_115_Regional_Provisional_SupportCharges_createandrun_allocationbatch,null,Failed,
11/06/2020 08:11:16,R2R_Tscenario_29_Amortisation_Journals,JONO00007435,Passed
11/06/2020 08:25:40,R2R_Tscenario_32_Raise_icAcct_approv_From_To_RegApprover_subs_EU,JONO00007437,Passed
11/06/2020 08:40:18,R2R_Tscenario_33_Raise_icAcct_approv_From_To_RegApprover_subs_EU,JONO00007438,Passed
11/06/2020 09:03:14,R2R_Tscenario_34_Raise_icAcct_approv_From_To_RegApprover_subs_Edit_Approve_EU,JONO00007439,Passed
11/06/2020 09:10:14,R2R_Tscenario_7_Raise_Acct_Reject_Amend_Approve_non_reversing_journal,JONO00007440,Passed
11/06/2020 09:14:43,R2R_Tscenario_8_Raise_Acct_Reject_And_Void_reversing_journal,JONO00007441,Passed
11/06/2020 09:19:21,R2R_Tscenario_9_Raise_Acct_And_Approve_same_user_non_reversing_journal,JONO00007442,Passed
11/06/2020 09:24:18,R2R_Tscenario_10_Raise_Acct_And_Approve_same_user_reversing_journal,JONO00007443,Passed
11/06/2020 09:30:12,R2R_Tscenario_11_Raise_Reg_Approver_And_Approve_different_Reg_Approver_non_reversing_journal,JONO00007444,Passed
11/06/2020 09:37:36,R2R_Tscenario_12_Raise_Reg_Approver_And_Reject_different_Reg_Approver_non_reversing_journal,JONO00007445,Passed
11/06/2020 09:42:46,R2R_Tscenario_13_Raise_Grp_Approver_And_Approve_reversing_journal,JONO00007446,Passed
11/06/2020 09:47:59,R2R_Tscenario_14_Raise_Grp_Approver_And_Approve_same_user_non_reversing_journal,JONO00007447,Passed
11/06/2020 09:57:41,R2R_Tscenario_15_Raise_Acct_via_CSV_And_Approve_reversing_journal,JONO00007448,Passed
11/06/2020 10:09:02,R2R_Tscenario_16_Raise_Acct_via_CSV_Reject_Amend_Approve_non_reversing_journal,JONO00007449,Passed
11/06/2020 10:18:35,R2R_Tscenario_17_Raise_Reg_Approver_via_CSV_And_Approve_different_Reg_Approver_non_reversing_journal,JONO00007450,Passed
11/06/2020 10:25:36,R2R_Tscenario_18_Raise_Grp_Approver_via_CSV_And_Approve_reversing_journal,JONO00007451,Passed
11/06/2020 10:36:24,R2R_Tscenario_51_Asset_Proposal_And_Capitalisation,JONO00007452 C:\Users\uktstautomation02\Downloads\FAM_RegisterReport_FPR95100.pdf,Passed
11/06/2020 10:40:17,R2R_Tscenario_55_Asset_Depreciation,null,Failed
11/06/2020 10:50:29,R2R_Tscenario_64_Asset_Amendment_Accelerate_depreciation_to_depreciate_in_month_of_purchase,FAM021490-Furniture & Fixtures-9,401.85-Completed with Errors-Completed with Errors 95101-C:\Users\uktstautomation02\Downloads\FAM_RegisterReport_FPR95102.pdf,Passed
11/06/2020 10:56:04,R2R_Tscenario_68_Asset_Disposal_Sale,null,Failed
11/06/2020 11:01:40,R2R_Tscenario_69_Asset_Disposal_Write_Off,,Failed
11/06/2020 11:05:03,R2R_Tscenario_109_Regional_Provisional_SupportCharges_createintercompanyallocationschedule,TestAutomation1591912976857,Passed
11/06/2020 11:13:37,R2R_Tscenario_115_Regional_Provisional_SupportCharges_createandrun_allocationbatch,JONO00007461,Failed
