Date,TestCaseName,JournalID,Result
03/06/2020 09:57,R2R_Tscenario_32_Raise_icAcct_approv_From_To_RegApprover_subs_APAC,JOJT00009867,Failed
03/06/2020 10:10,R2R_Tscenario_33_Raise_icAcct_approv_From_To_GroupApprover_subs_APAC,JOJT00009868,Failed
03/06/2020 10:25,R2R_Tscenario_34_Raise_icAcct_approv_From_To_RegApprover_subs_Edit_Approve_AU,JOJT00009869,Failed
03/06/2020 10:26,R2R_Tscenario_7_Raise_Acct_Reject_Amend_Approve_non_reversing_journal,null,Failed
03/06/2020 10:27,R2R_Tscenario_8_Raise_Acct_Reject_And_Void_reversing_journal,null,Failed
03/06/2020 10:32,R2R_Tscenario_9_Raise_Acct_And_Approve_same_user_non_reversing_journal,JOJN00143867,Passed
03/06/2020 10:37,R2R_Tscenario_10_Raise_Acct_And_Approve_same_user_reversing_journal,JOJN00143868,Passed
03/06/2020 10:43,R2R_Tscenario_11_Raise_Reg_Approver_And_Approve_different_Reg_Approver_non_reversing_journal,JOJN00143869,Passed
03/06/2020 10:50,R2R_Tscenario_12_Raise_Reg_Approver_And_Reject_different_Reg_Approver_non_reversing_journal,JOJN00143870,Passed
03/06/2020 10:56,R2R_Tscenario_13_Raise_Grp_Approver_And_Approve_reversing_journal,JOJN00143871,Passed
03/06/2020 11:01,R2R_Tscenario_14_Raise_Grp_Approver_And_Approve_same_user_non_reversing_journal,JOJN00143872,Passed
03/06/2020 11:12,R2R_Tscenario_15_Raise_Acct_via_CSV_And_Approve_reversing_journal,JOJN00143873,Passed
03/06/2020 11:23,R2R_Tscenario_16_Raise_Acct_via_CSV_Reject_Amend_Approve_non_reversing_journal,JOJN00143874,Passed
03/06/2020 11:34,R2R_Tscenario_17_Raise_Reg_Approver_via_CSV_And_Approve_different_Reg_Approver_non_reversing_journal,JOJN00143875,Passed
03/06/2020 11:44,R2R_Tscenario_18_Raise_Grp_Approver_via_CSV_And_Approve_reversing_journal,JOJN00143876,Passed
03/06/2020 12:03,R2R_Tscenario_55_Asset_Depreciation,JOJN00143877,Failed
03/06/2020 12:24,R2R_Tscenario_68_Asset_Disposal_Sale,null,Failed
03/06/2020 12:27,R2R_Tscenario_69_Asset_Disposal_Write_Off,null,Failed
03/06/2020 12:32,R2R_Tscenario_109_Regional_Provisional_SupportCharges_createintercompanyallocationschedule,TestAutomation1591183806151,Passed
03/06/2020 12:39,R2R_Tscenario_115_Regional_Provisional_SupportCharges_createandrun_allocationbatch,JOJN00143881,Failed
11/06/2020 10:43:05,R2R_Tscenario_29_Amortisation_Journals,JOJN00143893,Passed
11/06/2020 10:58:15,R2R_Tscenario_32_Raise_icAcct_approv_From_To_RegApprover_subs_APAC,JOJT00009874,Passed
11/06/2020 11:12:47,R2R_Tscenario_33_Raise_icAcct_approv_From_To_GroupApprover_subs_APAC,JOJT00009875,Passed
11/06/2020 11:35:32,R2R_Tscenario_34_Raise_icAcct_approv_From_To_RegApprover_subs_Edit_Approve_AU,JOJT00009876,Passed
11/06/2020 11:42:08,R2R_Tscenario_7_Raise_Acct_Reject_Amend_Approve_non_reversing_journal,JOJN00143896,Passed
11/06/2020 11:46:28,R2R_Tscenario_8_Raise_Acct_Reject_And_Void_reversing_journal,JOJN00143897,Passed
11/06/2020 11:50:56,R2R_Tscenario_9_Raise_Acct_And_Approve_same_user_non_reversing_journal,JOJN00143898,Passed
11/06/2020 11:54:46,R2R_Tscenario_10_Raise_Acct_And_Approve_same_user_reversing_journal,JOJN00143899,Passed
11/06/2020 11:59:37,R2R_Tscenario_11_Raise_Reg_Approver_And_Approve_different_Reg_Approver_non_reversing_journal,JOJN00143900,Passed
11/06/2020 12:05:57,R2R_Tscenario_12_Raise_Reg_Approver_And_Reject_different_Reg_Approver_non_reversing_journal,JOJN00143901,Passed
11/06/2020 12:11:30,R2R_Tscenario_13_Raise_Grp_Approver_And_Approve_reversing_journal,JOJN00143902,Passed
11/06/2020 12:16:42,R2R_Tscenario_14_Raise_Grp_Approver_And_Approve_same_user_non_reversing_journal,JOJN00143903,Passed
11/06/2020 12:23:41,R2R_Tscenario_15_Raise_Acct_via_CSV_And_Approve_reversing_journal,JOJN00143904,Passed
11/06/2020 12:32:40,R2R_Tscenario_16_Raise_Acct_via_CSV_Reject_Amend_Approve_non_reversing_journal,JOJN00143905,Passed
11/06/2020 12:40:54,R2R_Tscenario_17_Raise_Reg_Approver_via_CSV_And_Approve_different_Reg_Approver_non_reversing_journal,JOJN00143906,Passed
11/06/2020 12:48:38,R2R_Tscenario_18_Raise_Grp_Approver_via_CSV_And_Approve_reversing_journal,JOFI00014452,Failed
11/06/2020 01:03:07,R2R_Tscenario_55_Asset_Depreciation,JOJN00143908,Failed
11/06/2020 01:19:12,R2R_Tscenario_68_Asset_Disposal_Sale,null,Failed
11/06/2020 01:22:35,R2R_Tscenario_69_Asset_Disposal_Write_Off,null,Failed
11/06/2020 01:26:33,R2R_Tscenario_109_Regional_Provisional_SupportCharges_createintercompanyallocationschedule,TestAutomation1591878258250,Passed
11/06/2020 01:34:51,R2R_Tscenario_115_Regional_Provisional_SupportCharges_createandrun_allocationbatch,JOJN00143909,Failed
