{
"TR1__Job__c": "${salesForceJobid}",
"TR1__Account__c": "${salesForceAccountid}",
"TR1__Person_Placed__c": "${SFCandidateId}",
"TR1__Timesheet_Approver__c": "${salesForceClientid}",
"TR1__Start_Date__c": "${__time(yyyy-MM-dd'T'hh:mm:ss)}",
"TR1__End_Date__c": "${__timeShift(yyyy-MM-dd'T'hh:mm:ss,,P30D,,)}",
"TR1__Pay_Type__c": "Own Company",
"CAP_CC_Placement_Change_Type__c": "Primary",
"RecordTypeId": "0121t000000xVn4AAE",
"CAP_CC_Client_Billing_Contact__c": "${salesForceClientid}",
"CAP_CC_Primary_Consultant__c": "${FE_UserID}"
}