{
	"RecordTypeId": "0121t000000M7DBAA0",
	"Name": "${Account}",
	"Industry": "Retail",
	"Website": "example.com",
	"Description": "auto test",
	"CAP_CC_Payment_Terms__c": "2 DAYS",
	"CAP_CC_Invoice_Language__c": "English (UK)",
	"CAP_CC_Reg_No__c": "637426324",
	"CAP_CC_Reg_No_Description__c": "testing reg",
	"CAP_CC_VAT_Number__c": "34234543",
	"ShippingStreet": "main street",
	"ShippingCity": "main city",
	"ShippingPostalCode": "WC2B 4AE",
	"ShippingCountry": "United Kingdom",
	"BillingStreet": "BillingStreet 61 Aldwych, Kingsway, Holburn, Strand, Waterloo Bridge, Central London",
	"BillingCity": "main city",
	"BillingPostalCode": "WC2B 4AE",
	"BillingCountry": "United Kingdom",
        "CAP_CC_Legal_Entity_Name__c": "${LEIAccount}",
        "CAP_CC_Relationship_Classification__c":"Subsidiary",
        "ShippingState": "Greater London"
 
}