{
	"RecordTypeId": "0121t000000xVnNAAU",
	"Name": "${jobName}",
	"TR1__Account__c": "${salesForceAccountid}",
	"TR1__Contact__c": "${salesForceClientid}",
        "CAP_CC_Billing_Contact__c": "${salesForceClientid}",
         "TR1__Hiring_Manager__c": "${salesForceClientid}",
        "CAP_CC_Expected_Fill_Month__c": "${__timeShift(yyyy-MM-dd'T'hh:mm:ss,,P7D,,)}",
	"TR1__Salary_Low__c": "10000",
	"CAP_CC_Fee_Value__c": "100",
	"CAP_CC_Calculation_Based_On__c": "Fee Amount",
  	"CAP_CC_Job_Function_Level_1__c": "Accounting & Finance",
	"CAP_CC_Job_Function_Level_2__c": "Accountant",
	"TR1__Status__c": "Open",
        "TR1__Street__c": "${Street}",
         "TR1__City__c": "${City}",
        "CAP_CC_Work_State__c": "${State}",
        "CAP_CC_Work_Country__c": "${Country}",
        "CAP_CC_Work_State__c": "${State}",
        "TR1__Postal_Code__c":"${Postalcode}"
}