{
"RecordTypeId": "0121t0000005wDeAAI",
"CAP_CC_Candidate_Company_Name__c":"${SFCandidateCompanyID}",
"FirstName": "SuiapiCandidate",
"LastName": "${candidateLastName}",
"Phone": "27052021113144",
"Email":"${candidateEmail}",
"MailingCountry":"${ShippingCountry}",
"CAP_CC_Page_Country_PL__c" :"${ShippingCountry}",
"TR1__Source__c":"LinkedIn",
"CAP_CC_Is_Billing_Contact__c" :"false",
"CAP_CC_Page_Alert_Description__c" :"test alert",
"CAP_CC_Page_Alert_End_Date__c" :"2021-10-29",
"HasOptedOutOfEmail":"false",
"MailingState":"${MailingState}",
"MailingStreet" :"main street \n second main line",
"MailingCity" : "${ShippingCountry}",
"MailingPostalCode": "${ShippingPostalCode}"
}