Environment,Country,CandidateName,CandidateEmailAddress,Candidate SalesForceId,Date
UAT,United Kingdom,SUIAPI Candidate egslibtxaq,SUIAPICandidate7217062021121358@example.com,0033L00000FF5byQAD,6/17/2021 12:14
UAT,Netherlands,SUIAPI Candidate zmoehqsuaz,SUIAPICandidate56517062021121506@example.com,0033L00000FF5AEQA1,6/17/2021 12:15
UAT,United Kingdom,Suiapicandidate uayhevcclo,SUIAPICandidate63718062021024705@example.com,0033L00000FFQzsQAH,6/18/2021 14:47
UAT,United Kingdom,Suiapicandidate ixcobpovuw,Suiapicandidate58518062021024846@example.com,0033L00000FFQgOQAX,6/18/2021 14:48
UAT,United Kingdom,Suiapicandidate jngxxjbawt,Suiapicandidate71518062021025521@example.com,0033L00000FFR80QAH,6/18/2021 14:55
UAT,United Kingdom,Suiapicandidate Chdzqqtton,Suiapicandidate57418062021051402@example.com,0033L00000FFStKQAX,6/18/2021 17:14
UAT,United Kingdom,Suiapicandidate Xloxohryok,Suiapicandidate97018062021092821@example.com,0033L00000FFUrRQAX,6/18/2021 21:28
UAT,United Kingdom,Suiapicandidate Xloxohryok,Suiapicandidate33018062021092824@example.com,0033L00000FFVGjQAP,6/18/2021 21:28
UAT,United Kingdom,Suiapicandidate Qmybnzwfmg,Suiapicandidate76918062021092925@example.com,0033L00000FFUvoQAH,6/18/2021 21:29
UAT,United Kingdom,Suiapicandidate Qmybnzwfmg,Suiapicandidate76918062021092925@example.com,[null],6/18/2021 21:29
UAT,United Kingdom,Suiapicandidate Qmybnzwfmg,Suiapicandidate76918062021092925@example.com,[null],6/18/2021 21:29
UAT,United Kingdom,Suiapicandidate Sqbrmpsnow,Suiapicandidate36918062021093000@example.com,0033L00000FFVHdQAP,6/18/2021 21:30
UAT,United Kingdom,Suiapicandidate Lswpyzxfuo,Suiapicandidate33118062021093004@example.com,0033L00000FFVFDQA5,6/18/2021 21:30
UAT,United Kingdom,Suiapicandidate Joofgxiifs,Suiapicandidate22718062021093007@example.com,0033L00000FFV5YQAX,6/18/2021 21:30
UAT,United Kingdom,Suiapicandidate Uejdfxdbih,Suiapicandidate91519062021085320@example.com,0033L00000FFuO5QAL,6/19/2021 20:53
UAT,Australia,Suiapicandidate Rxcgnzalhx,Suiapicandidate5719062021085323@example.com,0033L00000FFuR0QAL,6/19/2021 20:53
UAT,Netherlands,Suiapicandidate Tmihfllrcq,Suiapicandidate1319062021085326@example.com,0033L00000FFuRNQA1,6/19/2021 20:53
UAT,United Kingdom,Suiapicandidate Xtxfbjfbzb,Suiapicandidate49823062021080015@example.com,0033L00000FPoXFQA1,6/23/2021 20:00
UAT,Australia,Suiapicandidate Qzxwqdpczo,Suiapicandidate34823062021080020@example.com,0033L00000FPoXKQA1,6/23/2021 20:00
UAT,Netherlands,Suiapicandidate Zhrllrlgdj,Suiapicandidate53723062021080023@example.com,0033L00000FPoXPQA1,6/23/2021 20:00
UAT,United Kingdom,Suiapicandidate Drlpzevmib,Suiapicandidate328062021041456@example.com,0033L00000FQK3vQAH,04:15:00 PM 28-Jun-2021
UAT,Australia,Suiapicandidate Jkkuzsyikb,Suiapicandidate98128062021041500@example.com,0033L00000FQK40QAH,04:15:04 PM 28-Jun-2021
UAT,Netherlands,Suiapicandidate Ypsrwavtxq,Suiapicandidate17628062021041504@example.com,0033L00000FQK45QAH,04:15:07 PM 28-Jun-2021
UAT,United Kingdom,Suiapicandidate Lccnukqzlk,Suiapicandidate81328062021091931@example.com,0033L00000FQKhrQAH,09:19:39 PM 28-Jun-2021
UAT,Australia,Suiapicandidate Dzbmtkryel,Suiapicandidate41128062021091939@example.com,0033L00000FQKhwQAH,09:19:45 PM 28-Jun-2021
UAT,Netherlands,Suiapicandidate Hkghbnklhg,Suiapicandidate52428062021091945@example.com,0033L00000FQKhxQAH,09:19:51 PM 28-Jun-2021
UAT,United Kingdom,Suiapicandidate Ewuwlutjdd,Suiapicandidate14507072021095221@example.com,0033L00000FRKxHQAX,09:52:38 AM 07-Jul-2021
UAT,Australia,Suiapicandidate Fckazezoqt,Suiapicandidate13407072021095238@example.com,0033L00000FRKxMQAX,09:52:49 AM 07-Jul-2021
UAT,Netherlands,Suiapicandidate Lddeuxhzmf,Suiapicandidate21007072021095249@example.com,0033L00000FRKxRQAX,09:52:58 AM 07-Jul-2021
UAT,Netherlands,Suiapicandidate Ryzlmcbdeq,Suiapicandidate99307072021095633@example.com,${salesForceCandidateid},09:56:47 AM 07-Jul-2021
UAT,Australia,Suiapicandidate Bxcqyyegbz,Suiapicandidate78007072021095633@example.com,${salesForceCandidateid},09:56:47 AM 07-Jul-2021
UAT,United Kingdom,Suiapicandidate Ehfstxoeuj,Suiapicandidate87007072021095633@example.com,0033L00000FRKxqQAH,09:56:50 AM 07-Jul-2021
UAT,United Kingdom,Suiapicandidate Cflclexxtp,Suiapicandidate47207072021111929@example.com,0033L00000FRRV0QAP,11:19:39 AM 07-Jul-2021
UAT,Netherlands,Suiapicandidate Buhanfekmt,Suiapicandidate907072021111930@example.com,${salesForceCandidateid},11:19:41 AM 07-Jul-2021
UAT,Australia,Suiapicandidate Dnosovcttm,Suiapicandidate84307072021111930@example.com,0033L00000FRRV5QAP,11:19:42 AM 07-Jul-2021
UAT,Australia,Suiapicandidate Fchpbmglyc,Suiapicandidate84208072021015316@example.com,0033L00000FRYdVQAX,01:53:32 PM 08-Jul-2021
UAT,Netherlands,Suiapicandidate Iqdzanphif,Suiapicandidate32908072021015332@example.com,0033L00000FRYdaQAH,01:53:41 PM 08-Jul-2021
UAT,Australia,Suiapicandidate Sahmeubhjt,Suiapicandidate12914072021112756@example.com,0033L00000FSHHmQAP,11:28:08 AM 14-Jul-2021
UAT,Netherlands,Suiapicandidate Olwxjxrsft,Suiapicandidate73714072021112808@example.com,0033L00000FSHI1QAP,11:28:18 AM 14-Jul-2021
