MainUrl,username,password,candidateName
https://pagegroup--uat.my.salesforce.com,aus.fe.qatestteam@michaelpage.com.uat,Sydney2021!!!,Suiapicandidate Sahmeubhjt
https://pagegroup--uat.my.salesforce.com,qa.nl.fe@michaelpage.com.uat,Netherlands2021!!!,Suiapicandidate Olwxjxrsft
https://pagegroup--preprod.my.salesforce.com,uk.fe.auto.qatest@michaelpage.com.ppe,London2021@@,Suiapicandidate Tfbrugahpt
https://pagegroup--preprod.my.salesforce.com,uk.fe.dom1.qatest@michaelpage.com.ppe,London2021@@,Suiapicandidate Xedthdkpam
https://pagegroup--preprod.my.salesforce.com,uk.fe.dom2.qatest@michaelpage.com.ppe,London2021@@,Suiapicandidate Vsyzzwgwql
https://pagegroup--preprod.my.salesforce.com,uk.fe.auto.qatest@michaelpage.com.ppe,London2021@@,Suiapicandidate Prmpibfndg
https://pagegroup--preprod.my.salesforce.com,uk.fe.dom1.qatest@michaelpage.com.ppe,London2021@@,Suiapicandidate Jeqzafciyb
https://pagegroup--preprod.my.salesforce.com,uk.fe.dom2.qatest@michaelpage.com.ppe,London2021@@,Suiapicandidate Uwwjkhmumc
https://pagegroup--preprod.my.salesforce.com,uk.fe.auto.qatest@michaelpage.com.ppe,London2021@@,Suiapicandidate Jhzanbxzzk
https://pagegroup--preprod.my.salesforce.com,uk.fe.dom1.qatest@michaelpage.com.ppe,London2021@@,Suiapicandidate Lzrprgsfmy
https://pagegroup--preprod.my.salesforce.com,uk.fe.dom2.qatest@michaelpage.com.ppe,London2021@@,Suiapicandidate Crrlmzqscw
https://pagegroup--preprod.my.salesforce.com,uk.fe.auto.qatest@michaelpage.com.ppe,London2021@@,Suiapicandidate Xmvqjfzwds
https://pagegroup--preprod.my.salesforce.com,uk.fe.auto.qatest@michaelpage.com.ppe,London2021@@,Suiapicandidate Smvnifloph
https://pagegroup--preprod.my.salesforce.com,uk.fe.dom1.qatest@michaelpage.com.ppe,London2021@@,Suiapicandidate Ggiddzhysj
https://pagegroup--preprod.my.salesforce.com,uk.fe.dom2.qatest@michaelpage.com.ppe,London2021@@,Suiapicandidate Dozofoifpg
https://pagegroup--preprod.my.salesforce.com,uk.fe.auto.qatest@michaelpage.com.ppe,London2021@@,Suiapicandidate Gmazpimzdv
https://pagegroup--preprod.my.salesforce.com,uk.fe.dom1.qatest@michaelpage.com.ppe,London2021@@,Suiapicandidate Tdcsauvwrs
https://pagegroup--preprod.my.salesforce.com,uk.fe.dom2.qatest@michaelpage.com.ppe,London2021@@,Suiapicandidate Bmgaxywzxg
https://pagegroup--preprod.my.salesforce.com,uk.fe.auto.qatest@michaelpage.com.ppe,London2021@@,Suiapicandidate Ncxxxjlzhj
https://pagegroup--preprod.my.salesforce.com,uk.fe.dom1.qatest@michaelpage.com.ppe,London2021@@,Suiapicandidate Jiyrzyqllp
https://pagegroup--preprod.my.salesforce.com,uk.fe.dom2.qatest@michaelpage.com.ppe,London2021@@,Suiapicandidate Ycpkpjgtej
https://pagegroup--preprod.my.salesforce.com,uk.fe.auto.qatest@michaelpage.com.ppe,London2021@@,Suiapicandidate Iqggodphej
https://pagegroup--preprod.my.salesforce.com,uk.fe.auto.qatest@michaelpage.com.ppe,London2021@@,Suiapicandidate Mzwxgcdfsb
https://pagegroup--preprod.my.salesforce.com,uk.fe.auto.qatest@michaelpage.com.ppe,London2021@@,Suiapicandidate Yoryqipdmp
https://pagegroup--preprod.my.salesforce.com,uk.fe.auto.qatest@michaelpage.com.ppe,London2021@@,Suiapicandidate Dtxnnrxegk
https://pagegroup--preprod.my.salesforce.com,uk.fe.auto.qatest@michaelpage.com.ppe,London2021@@,Suiapicandidate Owmgaqktoi
https://pagegroup--preprod.my.salesforce.com,uk.fe.auto.qatest@michaelpage.com.ppe,London2021@@,Suiapicandidate Zqwhqqtehi
https://pagegroup--preprod.my.salesforce.com,uk.fe.auto.qatest@michaelpage.com.ppe,London2021@@,Suiapicandidate Bzplzfbnxc
https://pagegroup--preprod.my.salesforce.com,uk.fe.auto.qatest@michaelpage.com.ppe,London2021@@,Suiapicandidate Stkfkgxzds
