Environment,Country,CandidateCompanyName,CandidateCompanyNameSFID,CandidateName,CandidateEmail,CandidateSFID,CandidatePlacementSFID,TempPlacementId,Account,salesForceAccountid,ClientName,ClientEmail,salesForceClientid,jobName,salesForceJobid,TempPlacementId,ExecutionDate
UAT,United Kingdom,Suiapicompanysdyzmcbbu,0013L00000CXK3QQAX,SuiapiCandidate Rmlhrxaozq,SuiapiCandidate97730062021033336@example.com,0033L00000FQcerQAD,a0S3L000000AM4tUAG,CL-06302021-41050,Suiapiaccount Rzreiqham,0013L00000CXK1EQAX,Suiapiclient Ywvfieply,Suiapiclient_876637234802@example.com,0033L00000FQcemQAD,Suiapijob Vgrgxuato,a1C3L000000ISUnUAO,Contract Issued,6/30/2021 15:34
UAT,United Kingdom,Suiapicompanydubpqvxdb,0013L00000CXK3RQAX,SuiapiCandidate Meanwurraw,SuiapiCandidate88130062021033453@example.com,0033L00000FQcfLQAT,a0S3L000000AM4yUAG,CL-06302021-41051,Suiapiaccount Wztuegwcf,0013L00000CXK3pQAH,Suiapiclient Pukbbcfev,Suiapiclient_438587947888@example.com,0033L00000FQcfGQAT,Suiapijob Sohvwbhzm,a1C3L000000ISUsUAO,Contract Issued,6/30/2021 15:36
UAT,United Kingdom,Suiapicompanylwdaratyw,0013L00000CXK4sQAH,SuiapiCandidate Aedzynrajw,SuiapiCandidate39230062021033608@example.com,0033L00000FQcfzQAD,a0S3L000000AM53UAG,CL-06302021-41052,Suiapiaccount Uqgwrfcgi,0013L00000CXK4YQAX,Suiapiclient Igrtdnkkv,Suiapiclient_10488283000@example.com,0033L00000FQceKQAT,Suiapijob Kqdkvsciz,a1C3L000000ISV7UAO,Contract Issued,6/30/2021 15:37
UAT,United Kingdom,Suiapicompanyaidgqkyub,0013L00000CXK5vQAH,SuiapiCandidate Fvgrmxbkwj,SuiapiCandidate60930062021033722@example.com,0033L00000FQcgsQAD,a0S3L000000AM58UAG,CL-06302021-41053,Suiapiaccount Htpuavubp,0013L00000CXK5WQAX,Suiapiclient Qcsggcnpf,Suiapiclient_13750860567@example.com,0033L00000FQcgiQAD,Suiapijob Kmhbkhhhw,a1C3L000000ISVRUA4,Contract Issued,6/30/2021 15:38
UAT,United Kingdom,Suiapicompanykorcenikh,0013L00000CXK6eQAH,SuiapiCandidate Vczmjoftmn,SuiapiCandidate7030062021033835@example.com,0033L00000FQchbQAD,a0S3L000000AM5DUAW,CL-06302021-41054,Suiapiaccount Lemnrtbpy,0013L00000CXK4PQAX,Suiapiclient Gqsqzqirt,Suiapiclient_354079920817@example.com,0033L00000FQchRQAT,Suiapijob Kkmrtznyq,a1C3L000000ISVgUAO,Contract Issued,6/30/2021 15:39
UAT,United Kingdom,Suiapicompanyseagehqnb,0013L00000CXK7cQAH,SuiapiCandidate Wfywvofapu,SuiapiCandidate69530062021033947@example.com,0033L00000FQcdQQAT,a0S3L000000AM5IUAW,CL-06302021-41055,Suiapiaccount Xfnnobxnh,0013L00000CXK7NQAX,Suiapiclient Rsolhiofp,Suiapiclient_927125211747@example.com,0033L00000FQchSQAT,Suiapijob Tgxahhfgp,a1C3L000000ISVvUAO,Contract Issued,6/30/2021 15:41
UAT,United Kingdom,Suiapicompanyxkywkisak,0013L00000CXK8LQAX,SuiapiCandidate Ylbmqnuvkf,SuiapiCandidate13930062021034114@example.com,0033L00000FQcijQAD,a0S3L000000AM5NUAW,CL-06302021-41056,Suiapiaccount Nemlqsaxo,0013L00000CXK8BQAX,Suiapiclient Boxlrutpd,Suiapiclient_620891753939@example.com,0033L00000FQciZQAT,Suiapijob Oysgrupfn,a1C3L000000ISW5UAO,Contract Issued,6/30/2021 15:42
UAT,United Kingdom,Suiapicompanytuybmflgp,0013L00000CXK94QAH,SuiapiCandidate Okagopncxz,SuiapiCandidate2330062021034228@example.com,0033L00000FQciaQAD,a0S3L000000AM5SUAW,CL-06302021-41057,Suiapiaccount Zfffnudom,0013L00000CXK8pQAH,Suiapiclient Xpvpdncoy,Suiapiclient_50094779491@example.com,0033L00000FQcj3QAD,Suiapijob Wnpuwwgwt,a1C3L000000ISWAUA4,Contract Issued,6/30/2021 15:43
UAT,United Kingdom,Suiapicompanyfovswwsly,0013L00000CXK9sQAH,SuiapiCandidate Enwgnvwneg,SuiapiCandidate52030062021034341@example.com,0033L00000FQcibQAD,a0S3L000000AM5XUAW,CL-06302021-41058,Suiapiaccount Vwcwvswow,0013L00000CXK9iQAH,Suiapiclient Ncenusfpn,Suiapiclient_47791141214@example.com,0033L00000FQcjXQAT,Suiapijob Ylhrzrbgk,a1C3L000000ISWFUA4,Contract Issued,6/30/2021 15:45
UAT,United Kingdom,Suiapicompanynenssbtlk,0013L00000CXKARQA5,SuiapiCandidate Dkswwhkbuu,SuiapiCandidate41230062021034503@example.com,0033L00000FQck6QAD,a0S3L000000AM5cUAG,CL-06302021-41059,Suiapiaccount Ytmvaesoq,0013L00000CXKAHQA5,Suiapiclient Uaypdchzq,Suiapiclient_760787895125@example.com,0033L00000FQck1QAD,Suiapijob Sfuxlriox,a1C3L000000ISWKUA4,Contract Issued,6/30/2021 15:46
UAT,Australia,Suiapicompanygafhxofap,0013L00000CZSEzQAP,SuiapiCandidate Njdpmnowfx,SuiapiCandidate59613072021043852@example.com,0033L00000FSAkvQAH,a0S3L000000APIfUAO,CL-07132021-41572,Suiapiaccount Nbnwnalyb,0013L00000CZSEVQA5,Suiapiclient Mohmwepfz,Suiapiclient_475657743667@example.com,0033L00000FSAklQAH,Suiapijob Uzcgqnczg,a1C3L000000IYVJUA4,Pending Validation,04:40:18 PM 13-Jul-2021
UAT,Netherlands,Suiapicompanyuctaqlpfw,0013L00000CZSHUQA5,SuiapiCandidate Xmnqiycvdr,SuiapiCandidate6813072021044018@example.com,0033L00000FSAltQAH,a0S3L000000APIkUAO,CL-07132021-41573,Suiapiaccount Eucyuxtel,0013L00000CZSGWQA5,Suiapiclient Mixodmkdi,Suiapiclient_45156854077@example.com,0033L00000FSAljQAH,Suiapijob Gwuwdmqfb,a1C3L000000IYVOUA4,Pending Validation,04:41:33 PM 13-Jul-2021
UAT,Australia,Suiapicompanysqgcfkdfy,0013L00000Co2MMQAZ,Suiapicandidate Ycasgvlqnc,SuiapiCandidate14222072021101229@example.com,0033L00000FcQWAQA3,a0S3L000000ASH2UAO,CL-07222021-41796,Suiapiaccount Uumxldwxk,0013L00000Co2QNQAZ,Suiapiclient Ebctgeavp,Suiapiclient_607190336400@example.com,0033L00000FcQW5QAN,Suiapijob Hpepkrxsx,a1C3L000000Ia0GUAS,Contract Issued,10:14:03 AM 22-Jul-2021
UAT,Netherlands,Suiapicompanyzdveahcwk,0013L00000Co2RvQAJ,Suiapicandidate Rywaioejhc,SuiapiCandidate25722072021101403@example.com,0033L00000FcQYMQA3,a0S3L000000ASHRUA4,CL-07222021-41797,Suiapiaccount Ldnuernno,0013L00000Co2SdQAJ,Suiapiclient Ilewvqlle,Suiapiclient_5282293014@example.com,0033L00000FcQY1QAN,Suiapijob Usnstemvt,a1C3L000000Ia0LUAS,Contract Issued,10:15:27 AM 22-Jul-2021
