mainURL,username,password,placementNumber
https://pagegroup--uat.my.salesforce.com,uk.fin.auto.qatest@michaelpage.com.uat,London2021@@,CL-08092021-42663
https://pagegroup--uat.my.salesforce.com,uk.fin.auto.qatest@michaelpage.com.uat,London2021@@,CL-08092021-42664
https://pagegroup--uat.my.salesforce.com,uk.fin.auto.qatest@michaelpage.com.uat,London2021@@,CL-08092021-42665
https://pagegroup--uat.my.salesforce.com,uk.fin.auto.qatest@michaelpage.com.uat,London2021@@,CL-08092021-42666
https://pagegroup--uat.my.salesforce.com,uk.fin.auto.qatest@michaelpage.com.uat,London2021@@,CL-08092021-42667
https://pagegroup--uat.my.salesforce.com,uk.fin.auto.qatest@michaelpage.com.uat,London2021@@,CL-08092021-42668
https://pagegroup--uat.my.salesforce.com,uk.fin.auto.qatest@michaelpage.com.uat,London2021@@,CL-08092021-42669
https://pagegroup--uat.my.salesforce.com,uk.fin.auto.qatest@michaelpage.com.uat,London2021@@,CL-08092021-42670
https://pagegroup--uat.my.salesforce.com,uk.fin.auto.qatest@michaelpage.com.uat,London2021@@,CL-08092021-42671
https://pagegroup--uat.my.salesforce.com,uk.fin.auto.qatest@michaelpage.com.uat,London2021@@,CL-08092021-42673
https://pagegroup--uat.my.salesforce.com,uk.fin.auto.qatest@michaelpage.com.uat,London2021@@,CL-08092021-42675
https://pagegroup--uat.my.salesforce.com,uk.fin.auto.qatest@michaelpage.com.uat,London2021@@,CL-08092021-42676
https://pagegroup--uat.my.salesforce.com,uk.fin.auto.qatest@michaelpage.com.uat,London2021@@,CL-08092021-42677
https://pagegroup--uat.my.salesforce.com,uk.fin.auto.qatest@michaelpage.com.uat,London2021@@,CL-08092021-42678
https://pagegroup--uat.my.salesforce.com,uk.fin.auto.qatest@michaelpage.com.uat,London2021@@,CL-08092021-42679
