{
  "action": "mypage",
  "op": "create",
  "brand": "MP",
  "country": "GB",
  "data": {
    "mypage_account_uid": ${mypage_account_uid},
    "mail": "${Email}",
    "created": 1596528882,
    "language": "en",
    "first-name": "${firstname}",
    "last-name": "${lastname}",
    "telephone": "020 1111 9999",
    "mypage_account_uuid": "${mypage_account_uuid}",
    "mp_city": "Manchester",
    "mp_state": "Western Cape",
    "mp_postcode": "SK4 4BB",
    "mp_country": "GB",
    "mp_salary": "50000",
    "mp_currency": "GBP",
    "mp_salaryfreq": "Monthly",
    "mp_availdate": "7/31/2021",
    "mp_pagecountry": "GB",
    "mp_rtw": "Yes",
    "mp_ccindustry": "Financial Services",
    "mp_ccjobfunct": "Banking & Financial Services",
    "mp_ccjobfunct_2" :"Pensions",
    "mp_nationality": "GB",
    "mp_nationality_2" : "",
    "mp_nationality_3" : "",
    "mp_status" : "true",
    "mp_ccindustry_2" : "Banking"
  }
}